id,student_id,reward_type_id,month_number,month,year,issued_at,performance_percentage
1,1,1,1,September,2025,9/30/2024,85%
2,1,9,2,October,2025,10/30/2024,78%
3,1,4,3,November,2025,11/30/2024,83%
4,1,9,4,January,2025,1/30/2025,95%
5,1,6,5,February,2025,2/28/2025,76%
6,1,4,6,March,2025,3/30/2025,87%
7,1,1,7,April,2025,4/30/2025,90%
8,2,3,1,September,2025,9/30/2024,82%
9,2,8,2,October,2025,10/30/2024,77%
10,2,2,3,November,2025,11/30/2024,87%
11,2,2,4,January,2025,1/30/2025,77%
12,2,6,5,February,2025,2/28/2025,83%
13,2,7,6,March,2025,3/30/2025,83%
14,2,1,7,April,2025,4/30/2025,92%
15,3,3,1,September,2025,9/30/2024,85%
16,3,9,2,October,2025,10/30/2024,94%
17,3,2,3,November,2025,11/30/2024,89%
18,3,5,4,January,2025,1/30/2025,87%
19,3,9,5,February,2025,2/28/2025,83%
20,3,3,6,March,2025,3/30/2025,90%
21,3,8,7,April,2025,4/30/2025,91%
22,4,1,1,September,2025,9/30/2024,86%
23,4,4,2,October,2025,10/30/2024,87%
24,4,9,3,November,2025,11/30/2024,87%
25,4,7,4,January,2025,1/30/2025,75%
26,4,2,5,February,2025,2/28/2025,87%
27,4,8,6,March,2025,3/30/2025,93%
28,4,3,7,April,2025,4/30/2025,90%
29,5,9,1,September,2025,9/30/2024,76%
30,5,7,2,October,2025,10/30/2024,86%
31,5,8,3,November,2025,11/30/2024,80%
32,5,6,4,January,2025,1/30/2025,89%
33,5,8,5,February,2025,2/28/2025,86%
34,5,2,6,March,2025,3/30/2025,93%
35,5,2,7,April,2025,4/30/2025,81%
36,6,7,1,September,2025,9/30/2024,93%
37,6,8,2,October,2025,10/30/2024,88%
38,6,1,3,November,2025,11/30/2024,88%
39,6,1,4,January,2025,1/30/2025,85%
40,6,5,5,February,2025,2/28/2025,76%
41,6,1,6,March,2025,3/30/2025,83%
42,6,7,7,April,2025,4/30/2025,79%
43,7,5,1,September,2025,9/30/2024,75%
44,7,7,2,October,2025,10/30/2024,81%
45,7,6,3,November,2025,11/30/2024,78%
46,7,9,4,January,2025,1/30/2025,86%
47,7,7,5,February,2025,2/28/2025,88%
48,7,7,6,March,2025,3/30/2025,95%
49,7,6,7,April,2025,4/30/2025,84%
50,8,8,1,September,2025,9/30/2024,79%
51,8,4,2,October,2025,10/30/2024,78%
52,8,7,3,November,2025,11/30/2024,81%
53,8,3,4,January,2025,1/30/2025,76%
54,8,3,5,February,2025,2/28/2025,89%
55,8,6,6,March,2025,3/30/2025,88%
56,8,8,7,April,2025,4/30/2025,92%
57,9,3,1,September,2025,9/30/2024,94%
58,9,4,2,October,2025,10/30/2024,82%
59,9,8,3,November,2025,11/30/2024,88%
60,9,9,4,January,2025,1/30/2025,83%
61,9,8,5,February,2025,2/28/2025,75%
62,9,2,6,March,2025,3/30/2025,89%
63,9,9,7,April,2025,4/30/2025,90%
64,10,6,1,September,2025,9/30/2024,77%
65,10,2,2,October,2025,10/30/2024,93%
66,10,3,3,November,2025,11/30/2024,85%
67,10,8,4,January,2025,1/30/2025,82%
68,10,6,5,February,2025,2/28/2025,79%
69,10,3,6,March,2025,3/30/2025,81%
70,10,1,7,April,2025,4/30/2025,81%
71,11,7,1,September,2025,9/30/2024,86%
72,11,3,2,October,2025,10/30/2024,83%
73,11,5,3,November,2025,11/30/2024,78%
74,11,4,4,January,2025,1/30/2025,94%
75,11,5,5,February,2025,2/28/2025,94%
76,11,5,6,March,2025,3/30/2025,95%
77,11,1,7,April,2025,4/30/2025,80%
78,12,6,1,September,2025,9/30/2024,91%
79,12,8,2,October,2025,10/30/2024,83%
80,12,4,3,November,2025,11/30/2024,95%
81,12,9,4,January,2025,1/30/2025,89%
82,12,1,5,February,2025,2/28/2025,93%
83,12,6,6,March,2025,3/30/2025,89%
84,12,5,7,April,2025,4/30/2025,92%
85,13,6,1,September,2025,9/30/2024,91%
86,13,8,2,October,2025,10/30/2024,92%
87,13,5,3,November,2025,11/30/2024,93%
88,13,6,4,January,2025,1/30/2025,76%
89,13,5,5,February,2025,2/28/2025,93%
90,13,7,6,March,2025,3/30/2025,78%
91,13,4,7,April,2025,4/30/2025,92%
92,14,6,1,September,2025,9/30/2024,90%
93,14,1,2,October,2025,10/30/2024,89%
94,14,6,3,November,2025,11/30/2024,90%
95,14,4,4,January,2025,1/30/2025,83%
96,14,9,5,February,2025,2/28/2025,92%
97,14,3,6,March,2025,3/30/2025,91%
98,14,5,7,April,2025,4/30/2025,76%
99,15,7,1,September,2025,9/30/2024,82%
100,15,4,2,October,2025,10/30/2024,76%
101,15,1,3,November,2025,11/30/2024,75%
102,15,6,4,January,2025,1/30/2025,90%
103,15,5,5,February,2025,2/28/2025,92%
104,15,3,6,March,2025,3/30/2025,85%
105,15,3,7,April,2025,4/30/2025,78%
106,16,4,1,September,2025,9/30/2024,79%
107,16,4,2,October,2025,10/30/2024,95%
108,16,2,3,November,2025,11/30/2024,82%
109,16,6,4,January,2025,1/30/2025,81%
110,16,5,5,February,2025,2/28/2025,88%
111,16,8,6,March,2025,3/30/2025,77%
112,16,3,7,April,2025,4/30/2025,87%
113,17,1,1,September,2025,9/30/2024,83%
114,17,5,2,October,2025,10/30/2024,93%
115,17,1,3,November,2025,11/30/2024,90%
116,17,8,4,January,2025,1/30/2025,91%
117,17,3,5,February,2025,2/28/2025,86%
118,17,1,6,March,2025,3/30/2025,91%
119,17,8,7,April,2025,4/30/2025,89%
120,18,7,1,September,2025,9/30/2024,80%
121,18,6,2,October,2025,10/30/2024,75%
122,18,5,3,November,2025,11/30/2024,84%
123,18,6,4,January,2025,1/30/2025,81%
124,18,4,5,February,2025,2/28/2025,75%
125,18,9,6,March,2025,3/30/2025,86%
126,18,1,7,April,2025,4/30/2025,92%
127,19,3,1,September,2025,9/30/2024,85%
128,19,1,2,October,2025,10/30/2024,76%
129,19,4,3,November,2025,11/30/2024,80%
130,19,3,4,January,2025,1/30/2025,84%
131,19,3,5,February,2025,2/28/2025,85%
132,19,4,6,March,2025,3/30/2025,88%
133,19,7,7,April,2025,4/30/2025,94%
134,20,8,1,September,2025,9/30/2024,79%
135,20,5,2,October,2025,10/30/2024,84%
136,20,9,3,November,2025,11/30/2024,85%
137,20,1,4,January,2025,1/30/2025,85%
138,20,3,5,February,2025,2/28/2025,91%
139,20,1,6,March,2025,3/30/2025,82%
140,20,7,7,April,2025,4/30/2025,89%
141,21,8,1,September,2025,9/30/2024,80%
142,21,4,2,October,2025,10/30/2024,89%
143,21,5,3,November,2025,11/30/2024,75%
144,21,6,4,January,2025,1/30/2025,75%
145,21,6,5,February,2025,2/28/2025,84%
146,21,2,6,March,2025,3/30/2025,78%
147,21,4,7,April,2025,4/30/2025,91%
148,22,8,1,September,2025,9/30/2024,84%
149,22,1,2,October,2025,10/30/2024,83%
150,22,8,3,November,2025,11/30/2024,77%
151,22,4,4,January,2025,1/30/2025,94%
152,22,4,5,February,2025,2/28/2025,81%
153,22,4,6,March,2025,3/30/2025,86%
154,22,9,7,April,2025,4/30/2025,87%
155,23,5,1,September,2025,9/30/2024,75%
156,23,5,2,October,2025,10/30/2024,90%
157,23,1,3,November,2025,11/30/2024,89%
158,23,2,4,January,2025,1/30/2025,91%
159,23,8,5,February,2025,2/28/2025,90%
160,23,7,6,March,2025,3/30/2025,86%
161,23,4,7,April,2025,4/30/2025,90%
162,24,5,1,September,2025,9/30/2024,92%
163,24,6,2,October,2025,10/30/2024,91%
164,24,9,3,November,2025,11/30/2024,88%
165,24,4,4,January,2025,1/30/2025,86%
166,24,6,5,February,2025,2/28/2025,94%
167,24,8,6,March,2025,3/30/2025,79%
168,24,4,7,April,2025,4/30/2025,78%
169,25,7,1,September,2025,9/30/2024,91%
170,25,8,2,October,2025,10/30/2024,81%
171,25,1,3,November,2025,11/30/2024,78%
172,25,2,4,January,2025,1/30/2025,92%
173,25,4,5,February,2025,2/28/2025,89%
174,25,2,6,March,2025,3/30/2025,95%
175,25,3,7,April,2025,4/30/2025,88%
176,26,8,1,September,2025,9/30/2024,91%
177,26,6,2,October,2025,10/30/2024,86%
178,26,4,3,November,2025,11/30/2024,89%
179,26,9,4,January,2025,1/30/2025,91%
180,26,9,5,February,2025,2/28/2025,88%
181,26,2,6,March,2025,3/30/2025,86%
182,26,7,7,April,2025,4/30/2025,77%
183,27,3,1,September,2025,9/30/2024,93%
184,27,3,2,October,2025,10/30/2024,79%
185,27,8,3,November,2025,11/30/2024,94%
186,27,3,4,January,2025,1/30/2025,83%
187,27,7,5,February,2025,2/28/2025,93%
188,27,5,6,March,2025,3/30/2025,75%
189,27,4,7,April,2025,4/30/2025,94%
190,28,4,1,September,2025,9/30/2024,84%
191,28,5,2,October,2025,10/30/2024,75%
192,28,3,3,November,2025,11/30/2024,75%
193,28,3,4,January,2025,1/30/2025,75%
194,28,9,5,February,2025,2/28/2025,94%
195,28,3,6,March,2025,3/30/2025,77%
196,28,4,7,April,2025,4/30/2025,91%
197,29,8,1,September,2025,9/30/2024,93%
198,29,4,2,October,2025,10/30/2024,79%
199,29,8,3,November,2025,11/30/2024,90%
200,29,1,4,January,2025,1/30/2025,91%
201,29,1,5,February,2025,2/28/2025,82%
202,29,4,6,March,2025,3/30/2025,91%
203,29,4,7,April,2025,4/30/2025,84%
204,30,1,1,September,2025,9/30/2024,90%
205,30,5,2,October,2025,10/30/2024,78%
206,30,2,3,November,2025,11/30/2024,88%
207,30,8,4,January,2025,1/30/2025,93%
208,30,4,5,February,2025,2/28/2025,80%
209,30,9,6,March,2025,3/30/2025,79%
210,30,8,7,April,2025,4/30/2025,91%
211,31,5,1,September,2025,9/30/2024,86%
212,31,1,2,October,2025,10/30/2024,81%
213,31,6,3,November,2025,11/30/2024,95%
214,31,6,4,January,2025,1/30/2025,80%
215,31,8,5,February,2025,2/28/2025,85%
216,31,8,6,March,2025,3/30/2025,93%
217,31,8,7,April,2025,4/30/2025,93%
218,32,3,1,September,2025,9/30/2024,83%
219,32,6,2,October,2025,10/30/2024,95%
220,32,2,3,November,2025,11/30/2024,88%
221,32,9,4,January,2025,1/30/2025,83%
222,32,7,5,February,2025,2/28/2025,80%
223,32,2,6,March,2025,3/30/2025,83%
224,32,6,7,April,2025,4/30/2025,91%
225,33,6,1,September,2025,9/30/2024,80%
226,33,2,2,October,2025,10/30/2024,78%
227,33,8,3,November,2025,11/30/2024,80%
228,33,4,4,January,2025,1/30/2025,87%
229,33,4,5,February,2025,2/28/2025,86%
230,33,7,6,March,2025,3/30/2025,92%
231,33,3,7,April,2025,4/30/2025,87%
232,34,3,1,September,2025,9/30/2024,92%
233,34,2,2,October,2025,10/30/2024,78%
234,34,3,3,November,2025,11/30/2024,94%
235,34,5,4,January,2025,1/30/2025,79%
236,34,1,5,February,2025,2/28/2025,90%
237,34,8,6,March,2025,3/30/2025,86%
238,34,9,7,April,2025,4/30/2025,93%
239,35,3,1,September,2025,9/30/2024,84%
240,35,2,2,October,2025,10/30/2024,78%
241,35,4,3,November,2025,11/30/2024,82%
242,35,1,4,January,2025,1/30/2025,80%
243,35,8,5,February,2025,2/28/2025,81%
244,35,2,6,March,2025,3/30/2025,76%
245,35,6,7,April,2025,4/30/2025,95%
246,36,8,1,September,2025,9/30/2024,95%
247,36,8,2,October,2025,10/30/2024,91%
248,36,5,3,November,2025,11/30/2024,86%
249,36,5,4,January,2025,1/30/2025,85%
250,36,2,5,February,2025,2/28/2025,92%
251,36,9,6,March,2025,3/30/2025,95%
252,36,6,7,April,2025,4/30/2025,76%
253,37,3,1,September,2025,9/30/2024,95%
254,37,3,2,October,2025,10/30/2024,76%
255,37,5,3,November,2025,11/30/2024,78%
256,37,4,4,January,2025,1/30/2025,87%
257,37,4,5,February,2025,2/28/2025,93%
258,37,4,6,March,2025,3/30/2025,76%
259,37,7,7,April,2025,4/30/2025,78%
260,38,2,1,September,2025,9/30/2024,88%
261,38,8,2,October,2025,10/30/2024,86%
262,38,6,3,November,2025,11/30/2024,94%
263,38,9,4,January,2025,1/30/2025,88%
264,38,6,5,February,2025,2/28/2025,86%
265,38,1,6,March,2025,3/30/2025,85%
266,38,6,7,April,2025,4/30/2025,89%
267,39,4,1,September,2025,9/30/2024,90%
268,39,1,2,October,2025,10/30/2024,92%
269,39,2,3,November,2025,11/30/2024,79%
270,39,9,4,January,2025,1/30/2025,76%
271,39,7,5,February,2025,2/28/2025,78%
272,39,9,6,March,2025,3/30/2025,89%
273,39,3,7,April,2025,4/30/2025,75%
274,40,3,1,September,2025,9/30/2024,86%
275,40,6,2,October,2025,10/30/2024,85%
276,40,8,3,November,2025,11/30/2024,76%
277,40,4,4,January,2025,1/30/2025,85%
278,40,7,5,February,2025,2/28/2025,91%
279,40,1,6,March,2025,3/30/2025,85%
280,40,3,7,April,2025,4/30/2025,91%
281,41,6,1,September,2025,9/30/2024,77%
282,41,4,2,October,2025,10/30/2024,83%
283,41,7,3,November,2025,11/30/2024,78%
284,41,7,4,January,2025,1/30/2025,82%
285,41,1,5,February,2025,2/28/2025,81%
286,41,2,6,March,2025,3/30/2025,82%
287,41,4,7,April,2025,4/30/2025,95%
288,42,4,1,September,2025,9/30/2024,93%
289,42,9,2,October,2025,10/30/2024,90%
290,42,7,3,November,2025,11/30/2024,92%
291,42,8,4,January,2025,1/30/2025,76%
292,42,9,5,February,2025,2/28/2025,78%
293,42,6,6,March,2025,3/30/2025,78%
294,42,8,7,April,2025,4/30/2025,84%
295,43,2,1,September,2025,9/30/2024,85%
296,43,1,2,October,2025,10/30/2024,75%
297,43,6,3,November,2025,11/30/2024,92%
298,43,5,4,January,2025,1/30/2025,87%
299,43,9,5,February,2025,2/28/2025,82%
300,43,3,6,March,2025,3/30/2025,88%
301,43,2,7,April,2025,4/30/2025,95%
302,44,2,1,September,2025,9/30/2024,95%
303,44,1,2,October,2025,10/30/2024,91%
304,44,5,3,November,2025,11/30/2024,91%
305,44,8,4,January,2025,1/30/2025,89%
306,44,2,5,February,2025,2/28/2025,90%
307,44,3,6,March,2025,3/30/2025,80%
308,44,7,7,April,2025,4/30/2025,85%
309,45,1,1,September,2025,9/30/2024,89%
310,45,7,2,October,2025,10/30/2024,78%
311,45,8,3,November,2025,11/30/2024,90%
312,45,5,4,January,2025,1/30/2025,94%
313,45,5,5,February,2025,2/28/2025,87%
314,45,1,6,March,2025,3/30/2025,86%
315,45,5,7,April,2025,4/30/2025,92%
316,46,4,1,September,2025,9/30/2024,90%
317,46,6,2,October,2025,10/30/2024,79%
318,46,2,3,November,2025,11/30/2024,75%
319,46,2,4,January,2025,1/30/2025,80%
320,46,5,5,February,2025,2/28/2025,85%
321,46,8,6,March,2025,3/30/2025,84%
322,46,8,7,April,2025,4/30/2025,76%
323,47,5,1,September,2025,9/30/2024,80%
324,47,8,2,October,2025,10/30/2024,82%
325,47,6,3,November,2025,11/30/2024,83%
326,47,5,4,January,2025,1/30/2025,91%
327,47,5,5,February,2025,2/28/2025,90%
328,47,4,6,March,2025,3/30/2025,81%
329,47,7,7,April,2025,4/30/2025,89%
330,48,9,1,September,2025,9/30/2024,89%
331,48,2,2,October,2025,10/30/2024,91%
332,48,8,3,November,2025,11/30/2024,85%
333,48,7,4,January,2025,1/30/2025,78%
334,48,3,5,February,2025,2/28/2025,89%
335,48,8,6,March,2025,3/30/2025,77%
336,48,1,7,April,2025,4/30/2025,90%
337,49,9,1,September,2025,9/30/2024,84%
338,49,5,2,October,2025,10/30/2024,87%
339,49,6,3,November,2025,11/30/2024,88%
340,49,6,4,January,2025,1/30/2025,93%
341,49,4,5,February,2025,2/28/2025,76%
342,49,7,6,March,2025,3/30/2025,82%
343,49,4,7,April,2025,4/30/2025,79%
344,50,5,1,September,2025,9/30/2024,95%
345,50,5,2,October,2025,10/30/2024,88%
346,50,2,3,November,2025,11/30/2024,86%
347,50,3,4,January,2025,1/30/2025,89%
348,50,5,5,February,2025,2/28/2025,76%
349,50,3,6,March,2025,3/30/2025,93%
350,50,8,7,April,2025,4/30/2025,81%
351,51,6,1,September,2025,9/30/2024,75%
352,51,3,2,October,2025,10/30/2024,89%
353,51,5,3,November,2025,11/30/2024,90%
354,51,5,4,January,2025,1/30/2025,76%
355,51,7,5,February,2025,2/28/2025,79%
356,51,9,6,March,2025,3/30/2025,92%
357,51,1,7,April,2025,4/30/2025,86%
358,52,2,1,September,2025,9/30/2024,92%
359,52,5,2,October,2025,10/30/2024,83%
360,52,6,3,November,2025,11/30/2024,80%
361,52,3,4,January,2025,1/30/2025,91%
362,52,2,5,February,2025,2/28/2025,84%
363,52,6,6,March,2025,3/30/2025,79%
364,52,5,7,April,2025,4/30/2025,95%
365,53,7,1,September,2025,9/30/2024,81%
366,53,4,2,October,2025,10/30/2024,95%
367,53,7,3,November,2025,11/30/2024,92%
368,53,2,4,January,2025,1/30/2025,75%
369,53,8,5,February,2025,2/28/2025,90%
370,53,8,6,March,2025,3/30/2025,80%
371,53,6,7,April,2025,4/30/2025,91%
372,54,9,1,September,2025,9/30/2024,84%
373,54,6,2,October,2025,10/30/2024,83%
374,54,8,3,November,2025,11/30/2024,80%
375,54,8,4,January,2025,1/30/2025,84%
376,54,5,5,February,2025,2/28/2025,82%
377,54,6,6,March,2025,3/30/2025,78%
378,54,7,7,April,2025,4/30/2025,79%
379,55,7,1,September,2025,9/30/2024,93%
380,55,6,2,October,2025,10/30/2024,75%
381,55,6,3,November,2025,11/30/2024,80%
382,55,7,4,January,2025,1/30/2025,90%
383,55,1,5,February,2025,2/28/2025,82%
384,55,3,6,March,2025,3/30/2025,92%
385,55,7,7,April,2025,4/30/2025,78%
386,56,4,1,September,2025,9/30/2024,75%
387,56,9,2,October,2025,10/30/2024,92%
388,56,5,3,November,2025,11/30/2024,81%
389,56,1,4,January,2025,1/30/2025,94%
390,56,8,5,February,2025,2/28/2025,76%
391,56,7,6,March,2025,3/30/2025,86%
392,56,2,7,April,2025,4/30/2025,89%
393,57,2,1,September,2025,9/30/2024,83%
394,57,2,2,October,2025,10/30/2024,79%
395,57,4,3,November,2025,11/30/2024,84%
396,57,9,4,January,2025,1/30/2025,88%
397,57,2,5,February,2025,2/28/2025,87%
398,57,5,6,March,2025,3/30/2025,79%
399,57,1,7,April,2025,4/30/2025,80%
400,58,8,1,September,2025,9/30/2024,93%
401,58,8,2,October,2025,10/30/2024,95%
402,58,9,3,November,2025,11/30/2024,79%
403,58,8,4,January,2025,1/30/2025,83%
404,58,8,5,February,2025,2/28/2025,87%
405,58,7,6,March,2025,3/30/2025,94%
406,58,6,7,April,2025,4/30/2025,89%
407,59,7,1,September,2025,9/30/2024,82%
408,59,6,2,October,2025,10/30/2024,85%
409,59,3,3,November,2025,11/30/2024,89%
410,59,2,4,January,2025,1/30/2025,86%
411,59,2,5,February,2025,2/28/2025,83%
412,59,3,6,March,2025,3/30/2025,84%
413,59,6,7,April,2025,4/30/2025,79%
414,60,9,1,September,2025,9/30/2024,94%
415,60,3,2,October,2025,10/30/2024,91%
416,60,6,3,November,2025,11/30/2024,95%
417,60,3,4,January,2025,1/30/2025,76%
418,60,1,5,February,2025,2/28/2025,88%
419,60,1,6,March,2025,3/30/2025,79%
420,60,4,7,April,2025,4/30/2025,89%
421,61,3,1,September,2025,9/30/2024,78%
422,61,3,2,October,2025,10/30/2024,75%
423,61,9,3,November,2025,11/30/2024,86%
424,61,5,4,January,2025,1/30/2025,83%
425,61,7,5,February,2025,2/28/2025,90%
426,61,9,6,March,2025,3/30/2025,95%
427,61,6,7,April,2025,4/30/2025,84%
428,62,7,1,September,2025,9/30/2024,87%
429,62,3,2,October,2025,10/30/2024,78%
430,62,1,3,November,2025,11/30/2024,91%
431,62,9,4,January,2025,1/30/2025,84%
432,62,6,5,February,2025,2/28/2025,90%
433,62,8,6,March,2025,3/30/2025,76%
434,62,8,7,April,2025,4/30/2025,83%
435,63,8,1,September,2025,9/30/2024,89%
436,63,7,2,October,2025,10/30/2024,89%
437,63,2,3,November,2025,11/30/2024,92%
438,63,5,4,January,2025,1/30/2025,75%
439,63,5,5,February,2025,2/28/2025,86%
440,63,6,6,March,2025,3/30/2025,79%
441,63,6,7,April,2025,4/30/2025,83%
442,64,5,1,September,2025,9/30/2024,85%
443,64,5,2,October,2025,10/30/2024,82%
444,64,1,3,November,2025,11/30/2024,82%
445,64,9,4,January,2025,1/30/2025,95%
446,64,2,5,February,2025,2/28/2025,83%
447,64,8,6,March,2025,3/30/2025,84%
448,64,6,7,April,2025,4/30/2025,82%
449,65,2,1,September,2025,9/30/2024,83%
450,65,4,2,October,2025,10/30/2024,84%
451,65,2,3,November,2025,11/30/2024,75%
452,65,6,4,January,2025,1/30/2025,91%
453,65,8,5,February,2025,2/28/2025,92%
454,65,3,6,March,2025,3/30/2025,89%
455,65,1,7,April,2025,4/30/2025,81%
456,66,2,1,September,2025,9/30/2024,77%
457,66,1,2,October,2025,10/30/2024,91%
458,66,4,3,November,2025,11/30/2024,95%
459,66,1,4,January,2025,1/30/2025,85%
460,66,5,5,February,2025,2/28/2025,83%
461,66,4,6,March,2025,3/30/2025,92%
462,66,4,7,April,2025,4/30/2025,78%
463,67,3,1,September,2025,9/30/2024,76%
464,67,6,2,October,2025,10/30/2024,87%
465,67,6,3,November,2025,11/30/2024,92%
466,67,1,4,January,2025,1/30/2025,91%
467,67,4,5,February,2025,2/28/2025,77%
468,67,1,6,March,2025,3/30/2025,93%
469,67,2,7,April,2025,4/30/2025,80%
470,68,5,1,September,2025,9/30/2024,81%
471,68,5,2,October,2025,10/30/2024,87%
472,68,3,3,November,2025,11/30/2024,86%
473,68,7,4,January,2025,1/30/2025,76%
474,68,3,5,February,2025,2/28/2025,86%
475,68,2,6,March,2025,3/30/2025,89%
476,68,1,7,April,2025,4/30/2025,85%
477,69,3,1,September,2025,9/30/2024,86%
478,69,7,2,October,2025,10/30/2024,80%
479,69,4,3,November,2025,11/30/2024,88%
480,69,4,4,January,2025,1/30/2025,88%
481,69,5,5,February,2025,2/28/2025,77%
482,69,1,6,March,2025,3/30/2025,80%
483,69,3,7,April,2025,4/30/2025,95%
484,70,2,1,September,2025,9/30/2024,95%
485,70,1,2,October,2025,10/30/2024,82%
486,70,5,3,November,2025,11/30/2024,94%
487,70,6,4,January,2025,1/30/2025,80%
488,70,6,5,February,2025,2/28/2025,87%
489,70,2,6,March,2025,3/30/2025,95%
490,70,1,7,April,2025,4/30/2025,84%
491,71,7,1,September,2025,9/30/2024,75%
492,71,2,2,October,2025,10/30/2024,90%
493,71,7,3,November,2025,11/30/2024,85%
494,71,7,4,January,2025,1/30/2025,79%
495,71,1,5,February,2025,2/28/2025,86%
496,71,5,6,March,2025,3/30/2025,75%
497,71,2,7,April,2025,4/30/2025,90%
498,72,2,1,September,2025,9/30/2024,80%
499,72,3,2,October,2025,10/30/2024,80%
500,72,5,3,November,2025,11/30/2024,81%
501,72,1,4,January,2025,1/30/2025,79%
502,72,3,5,February,2025,2/28/2025,81%
503,72,6,6,March,2025,3/30/2025,88%
504,72,7,7,April,2025,4/30/2025,81%
505,73,4,1,September,2025,9/30/2024,88%
506,73,7,2,October,2025,10/30/2024,87%
507,73,9,3,November,2025,11/30/2024,75%
508,73,6,4,January,2025,1/30/2025,93%
509,73,7,5,February,2025,2/28/2025,84%
510,73,1,6,March,2025,3/30/2025,94%
511,73,6,7,April,2025,4/30/2025,95%
512,74,8,1,September,2025,9/30/2024,79%
513,74,8,2,October,2025,10/30/2024,92%
514,74,5,3,November,2025,11/30/2024,95%
515,74,5,4,January,2025,1/30/2025,77%
516,74,6,5,February,2025,2/28/2025,77%
517,74,1,6,March,2025,3/30/2025,75%
518,74,1,7,April,2025,4/30/2025,93%
519,75,4,1,September,2025,9/30/2024,94%
520,75,4,2,October,2025,10/30/2024,90%
521,75,2,3,November,2025,11/30/2024,84%
522,75,2,4,January,2025,1/30/2025,82%
523,75,9,5,February,2025,2/28/2025,81%
524,75,8,6,March,2025,3/30/2025,89%
525,75,5,7,April,2025,4/30/2025,84%
526,76,2,1,September,2025,9/30/2024,80%
527,76,5,2,October,2025,10/30/2024,95%
528,76,3,3,November,2025,11/30/2024,81%
529,76,8,4,January,2025,1/30/2025,84%
530,76,4,5,February,2025,2/28/2025,80%
531,76,6,6,March,2025,3/30/2025,87%
532,76,4,7,April,2025,4/30/2025,75%
533,77,8,1,September,2025,9/30/2024,88%
534,77,1,2,October,2025,10/30/2024,94%
535,77,4,3,November,2025,11/30/2024,89%
536,77,4,4,January,2025,1/30/2025,78%
537,77,4,5,February,2025,2/28/2025,88%
538,77,1,6,March,2025,3/30/2025,75%
539,77,2,7,April,2025,4/30/2025,82%
540,78,9,1,September,2025,9/30/2024,75%
541,78,5,2,October,2025,10/30/2024,95%
542,78,4,3,November,2025,11/30/2024,85%
543,78,7,4,January,2025,1/30/2025,89%
544,78,9,5,February,2025,2/28/2025,89%
545,78,6,6,March,2025,3/30/2025,80%
546,78,5,7,April,2025,4/30/2025,80%
547,79,1,1,September,2025,9/30/2024,78%
548,79,5,2,October,2025,10/30/2024,84%
549,79,8,3,November,2025,11/30/2024,81%
550,79,6,4,January,2025,1/30/2025,78%
551,79,3,5,February,2025,2/28/2025,81%
552,79,3,6,March,2025,3/30/2025,93%
553,79,7,7,April,2025,4/30/2025,86%
554,80,9,1,September,2025,9/30/2024,94%
555,80,2,2,October,2025,10/30/2024,80%
556,80,6,3,November,2025,11/30/2024,76%
557,80,8,4,January,2025,1/30/2025,75%
558,80,2,5,February,2025,2/28/2025,90%
559,80,6,6,March,2025,3/30/2025,77%
560,80,2,7,April,2025,4/30/2025,80%
561,81,5,1,September,2025,9/30/2024,91%
562,81,4,2,October,2025,10/30/2024,78%
563,81,7,3,November,2025,11/30/2024,80%
564,81,5,4,January,2025,1/30/2025,93%
565,81,9,5,February,2025,2/28/2025,76%
566,81,5,6,March,2025,3/30/2025,91%
567,81,9,7,April,2025,4/30/2025,95%
568,82,7,1,September,2025,9/30/2024,83%
569,82,7,2,October,2025,10/30/2024,87%
570,82,9,3,November,2025,11/30/2024,86%
571,82,5,4,January,2025,1/30/2025,95%
572,82,9,5,February,2025,2/28/2025,93%
573,82,1,6,March,2025,3/30/2025,86%
574,82,9,7,April,2025,4/30/2025,95%
575,83,4,1,September,2025,9/30/2024,76%
576,83,2,2,October,2025,10/30/2024,84%
577,83,6,3,November,2025,11/30/2024,83%
578,83,2,4,January,2025,1/30/2025,84%
579,83,5,5,February,2025,2/28/2025,91%
580,83,5,6,March,2025,3/30/2025,93%
581,83,5,7,April,2025,4/30/2025,81%
582,84,8,1,September,2025,9/30/2024,81%
583,84,5,2,October,2025,10/30/2024,79%
584,84,6,3,November,2025,11/30/2024,84%
585,84,4,4,January,2025,1/30/2025,91%
586,84,6,5,February,2025,2/28/2025,92%
587,84,4,6,March,2025,3/30/2025,80%
588,84,8,7,April,2025,4/30/2025,80%
589,85,5,1,September,2025,9/30/2024,76%
590,85,4,2,October,2025,10/30/2024,85%
591,85,1,3,November,2025,11/30/2024,76%
592,85,6,4,January,2025,1/30/2025,77%
593,85,4,5,February,2025,2/28/2025,85%
594,85,3,6,March,2025,3/30/2025,81%
595,85,4,7,April,2025,4/30/2025,84%
596,86,3,1,September,2025,9/30/2024,80%
597,86,7,2,October,2025,10/30/2024,89%
598,86,6,3,November,2025,11/30/2024,87%
599,86,3,4,January,2025,1/30/2025,92%
600,86,5,5,February,2025,2/28/2025,85%
601,86,7,6,March,2025,3/30/2025,78%
602,86,1,7,April,2025,4/30/2025,90%
603,87,4,1,September,2025,9/30/2024,95%
604,87,1,2,October,2025,10/30/2024,85%
605,87,9,3,November,2025,11/30/2024,89%
606,87,6,4,January,2025,1/30/2025,85%
607,87,8,5,February,2025,2/28/2025,79%
608,87,2,6,March,2025,3/30/2025,95%
609,87,2,7,April,2025,4/30/2025,76%
610,88,1,1,September,2025,9/30/2024,90%
611,88,4,2,October,2025,10/30/2024,79%
612,88,2,3,November,2025,11/30/2024,87%
613,88,3,4,January,2025,1/30/2025,75%
614,88,4,5,February,2025,2/28/2025,87%
615,88,6,6,March,2025,3/30/2025,95%
616,88,7,7,April,2025,4/30/2025,94%
617,89,2,1,September,2025,9/30/2024,89%
618,89,8,2,October,2025,10/30/2024,95%
619,89,4,3,November,2025,11/30/2024,85%
620,89,6,4,January,2025,1/30/2025,95%
621,89,7,5,February,2025,2/28/2025,88%
622,89,2,6,March,2025,3/30/2025,82%
623,89,3,7,April,2025,4/30/2025,78%
624,90,3,1,September,2025,9/30/2024,95%
625,90,2,2,October,2025,10/30/2024,79%
626,90,7,3,November,2025,11/30/2024,89%
627,90,3,4,January,2025,1/30/2025,87%
628,90,3,5,February,2025,2/28/2025,91%
629,90,7,6,March,2025,3/30/2025,87%
630,90,5,7,April,2025,4/30/2025,86%
631,91,2,1,September,2025,9/30/2024,78%
632,91,6,2,October,2025,10/30/2024,92%
633,91,9,3,November,2025,11/30/2024,92%
634,91,7,4,January,2025,1/30/2025,94%
635,91,2,5,February,2025,2/28/2025,91%
636,91,3,6,March,2025,3/30/2025,91%
637,91,6,7,April,2025,4/30/2025,84%
638,92,6,1,September,2025,9/30/2024,91%
639,92,8,2,October,2025,10/30/2024,94%
640,92,2,3,November,2025,11/30/2024,79%
641,92,1,4,January,2025,1/30/2025,82%
642,92,7,5,February,2025,2/28/2025,86%
643,92,4,6,March,2025,3/30/2025,83%
644,92,3,7,April,2025,4/30/2025,94%
645,93,8,1,September,2025,9/30/2024,79%
646,93,8,2,October,2025,10/30/2024,76%
647,93,2,3,November,2025,11/30/2024,87%
648,93,1,4,January,2025,1/30/2025,94%
649,93,9,5,February,2025,2/28/2025,81%
650,93,2,6,March,2025,3/30/2025,86%
651,93,1,7,April,2025,4/30/2025,82%
652,94,4,1,September,2025,9/30/2024,87%
653,94,9,2,October,2025,10/30/2024,88%
654,94,8,3,November,2025,11/30/2024,80%
655,94,3,4,January,2025,1/30/2025,83%
656,94,8,5,February,2025,2/28/2025,87%
657,94,3,6,March,2025,3/30/2025,82%
658,94,5,7,April,2025,4/30/2025,92%
659,95,2,1,September,2025,9/30/2024,77%
660,95,6,2,October,2025,10/30/2024,78%
661,95,5,3,November,2025,11/30/2024,92%
662,95,4,4,January,2025,1/30/2025,89%
663,95,7,5,February,2025,2/28/2025,82%
664,95,5,6,March,2025,3/30/2025,86%
665,95,8,7,April,2025,4/30/2025,78%
666,96,4,1,September,2025,9/30/2024,95%
667,96,7,2,October,2025,10/30/2024,89%
668,96,1,3,November,2025,11/30/2024,75%
669,96,9,4,January,2025,1/30/2025,85%
670,96,6,5,February,2025,2/28/2025,84%
671,96,2,6,March,2025,3/30/2025,86%
672,96,1,7,April,2025,4/30/2025,76%
673,97,5,1,September,2025,9/30/2024,95%
674,97,1,2,October,2025,10/30/2024,87%
675,97,7,3,November,2025,11/30/2024,89%
676,97,9,4,January,2025,1/30/2025,84%
677,97,9,5,February,2025,2/28/2025,75%
678,97,8,6,March,2025,3/30/2025,87%
679,97,3,7,April,2025,4/30/2025,95%
680,98,3,1,September,2025,9/30/2024,85%
681,98,6,2,October,2025,10/30/2024,94%
682,98,6,3,November,2025,11/30/2024,77%
683,98,1,4,January,2025,1/30/2025,84%
684,98,4,5,February,2025,2/28/2025,77%
685,98,9,6,March,2025,3/30/2025,81%
686,98,4,7,April,2025,4/30/2025,85%
687,99,9,1,September,2025,9/30/2024,89%
688,99,7,2,October,2025,10/30/2024,92%
689,99,8,3,November,2025,11/30/2024,78%
690,99,2,4,January,2025,1/30/2025,79%
691,99,5,5,February,2025,2/28/2025,90%
692,99,2,6,March,2025,3/30/2025,92%
693,99,6,7,April,2025,4/30/2025,87%
694,100,2,1,September,2025,9/30/2024,92%
695,100,1,2,October,2025,10/30/2024,91%
696,100,1,3,November,2025,11/30/2024,76%
697,100,5,4,January,2025,1/30/2025,92%
698,100,2,5,February,2025,2/28/2025,87%
699,100,2,6,March,2025,3/30/2025,85%
700,100,3,7,April,2025,4/30/2025,84%
701,101,7,1,September,2025,9/30/2024,95%
702,101,7,2,October,2025,10/30/2024,92%
703,101,3,3,November,2025,11/30/2024,78%
704,101,8,4,January,2025,1/30/2025,95%
705,101,5,5,February,2025,2/28/2025,79%
706,101,2,6,March,2025,3/30/2025,92%
707,101,6,7,April,2025,4/30/2025,76%
708,102,6,1,September,2025,9/30/2024,86%
709,102,5,2,October,2025,10/30/2024,92%
710,102,3,3,November,2025,11/30/2024,89%
711,102,8,4,January,2025,1/30/2025,78%
712,102,4,5,February,2025,2/28/2025,81%
713,102,2,6,March,2025,3/30/2025,91%
714,102,4,7,April,2025,4/30/2025,89%
715,103,1,1,September,2025,9/30/2024,89%
716,103,1,2,October,2025,10/30/2024,77%
717,103,7,3,November,2025,11/30/2024,91%
718,103,9,4,January,2025,1/30/2025,92%
719,103,3,5,February,2025,2/28/2025,76%
720,103,4,6,March,2025,3/30/2025,88%
721,103,6,7,April,2025,4/30/2025,84%
722,104,2,1,September,2025,9/30/2024,83%
723,104,3,2,October,2025,10/30/2024,81%
724,104,2,3,November,2025,11/30/2024,89%
725,104,6,4,January,2025,1/30/2025,89%
726,104,4,5,February,2025,2/28/2025,78%
727,104,9,6,March,2025,3/30/2025,81%
728,104,8,7,April,2025,4/30/2025,89%
729,105,2,1,September,2025,9/30/2024,95%
730,105,4,2,October,2025,10/30/2024,75%
731,105,8,3,November,2025,11/30/2024,88%
732,105,2,4,January,2025,1/30/2025,80%
733,105,8,5,February,2025,2/28/2025,85%
734,105,3,6,March,2025,3/30/2025,86%
735,105,9,7,April,2025,4/30/2025,95%
736,106,6,1,September,2025,9/30/2024,76%
737,106,6,2,October,2025,10/30/2024,84%
738,106,6,3,November,2025,11/30/2024,81%
739,106,7,4,January,2025,1/30/2025,86%
740,106,3,5,February,2025,2/28/2025,93%
741,106,7,6,March,2025,3/30/2025,86%
742,106,4,7,April,2025,4/30/2025,94%
743,107,4,1,September,2025,9/30/2024,85%
744,107,8,2,October,2025,10/30/2024,78%
745,107,7,3,November,2025,11/30/2024,93%
746,107,6,4,January,2025,1/30/2025,92%
747,107,3,5,February,2025,2/28/2025,75%
748,107,1,6,March,2025,3/30/2025,76%
749,107,3,7,April,2025,4/30/2025,91%
750,108,5,1,September,2025,9/30/2024,88%
751,108,4,2,October,2025,10/30/2024,89%
752,108,6,3,November,2025,11/30/2024,83%
753,108,9,4,January,2025,1/30/2025,76%
754,108,7,5,February,2025,2/28/2025,92%
755,108,9,6,March,2025,3/30/2025,83%
756,108,8,7,April,2025,4/30/2025,80%
757,109,7,1,September,2025,9/30/2024,87%
758,109,7,2,October,2025,10/30/2024,87%
759,109,7,3,November,2025,11/30/2024,87%
760,109,8,4,January,2025,1/30/2025,95%
761,109,2,5,February,2025,2/28/2025,90%
762,109,9,6,March,2025,3/30/2025,93%
763,109,4,7,April,2025,4/30/2025,85%
764,110,7,1,September,2025,9/30/2024,75%
765,110,9,2,October,2025,10/30/2024,94%
766,110,1,3,November,2025,11/30/2024,80%
767,110,7,4,January,2025,1/30/2025,84%
768,110,9,5,February,2025,2/28/2025,81%
769,110,8,6,March,2025,3/30/2025,79%
770,110,8,7,April,2025,4/30/2025,86%
771,111,9,1,September,2025,9/30/2024,91%
772,111,9,2,October,2025,10/30/2024,92%
773,111,2,3,November,2025,11/30/2024,88%
774,111,6,4,January,2025,1/30/2025,75%
775,111,4,5,February,2025,2/28/2025,89%
776,111,6,6,March,2025,3/30/2025,90%
777,111,1,7,April,2025,4/30/2025,86%
778,112,3,1,September,2025,9/30/2024,80%
779,112,7,2,October,2025,10/30/2024,78%
780,112,1,3,November,2025,11/30/2024,77%
781,112,9,4,January,2025,1/30/2025,91%
782,112,4,5,February,2025,2/28/2025,82%
783,112,7,6,March,2025,3/30/2025,94%
784,112,6,7,April,2025,4/30/2025,77%
785,113,5,1,September,2025,9/30/2024,79%
786,113,5,2,October,2025,10/30/2024,91%
787,113,4,3,November,2025,11/30/2024,91%
788,113,7,4,January,2025,1/30/2025,80%
789,113,7,5,February,2025,2/28/2025,93%
790,113,1,6,March,2025,3/30/2025,95%
791,113,5,7,April,2025,4/30/2025,82%
792,114,8,1,September,2025,9/30/2024,93%
793,114,2,2,October,2025,10/30/2024,95%
794,114,7,3,November,2025,11/30/2024,86%
795,114,4,4,January,2025,1/30/2025,82%
796,114,7,5,February,2025,2/28/2025,89%
797,114,1,6,March,2025,3/30/2025,94%
798,114,9,7,April,2025,4/30/2025,82%
799,115,8,1,September,2025,9/30/2024,94%
800,115,6,2,October,2025,10/30/2024,80%
801,115,5,3,November,2025,11/30/2024,88%
802,115,1,4,January,2025,1/30/2025,78%
803,115,8,5,February,2025,2/28/2025,83%
804,115,9,6,March,2025,3/30/2025,92%
805,115,1,7,April,2025,4/30/2025,92%
806,116,4,1,September,2025,9/30/2024,80%
807,116,5,2,October,2025,10/30/2024,77%
808,116,9,3,November,2025,11/30/2024,83%
809,116,4,4,January,2025,1/30/2025,78%
810,116,1,5,February,2025,2/28/2025,95%
811,116,2,6,March,2025,3/30/2025,91%
812,116,2,7,April,2025,4/30/2025,94%
813,117,2,1,September,2025,9/30/2024,92%
814,117,6,2,October,2025,10/30/2024,81%
815,117,1,3,November,2025,11/30/2024,82%
816,117,4,4,January,2025,1/30/2025,76%
817,117,5,5,February,2025,2/28/2025,78%
818,117,5,6,March,2025,3/30/2025,94%
819,117,9,7,April,2025,4/30/2025,80%
820,118,3,1,September,2025,9/30/2024,82%
821,118,6,2,October,2025,10/30/2024,80%
822,118,2,3,November,2025,11/30/2024,75%
823,118,8,4,January,2025,1/30/2025,76%
824,118,2,5,February,2025,2/28/2025,87%
825,118,5,6,March,2025,3/30/2025,81%
826,118,5,7,April,2025,4/30/2025,81%
827,119,8,1,September,2025,9/30/2024,78%
828,119,5,2,October,2025,10/30/2024,86%
829,119,2,3,November,2025,11/30/2024,93%
830,119,1,4,January,2025,1/30/2025,83%
831,119,3,5,February,2025,2/28/2025,79%
832,119,3,6,March,2025,3/30/2025,81%
833,119,8,7,April,2025,4/30/2025,75%
834,120,9,1,September,2025,9/30/2024,75%
835,120,6,2,October,2025,10/30/2024,80%
836,120,9,3,November,2025,11/30/2024,85%
837,120,4,4,January,2025,1/30/2025,91%
838,120,7,5,February,2025,2/28/2025,83%
839,120,6,6,March,2025,3/30/2025,95%
840,120,5,7,April,2025,4/30/2025,84%
841,121,1,1,September,2025,9/30/2024,75%
842,121,9,2,October,2025,10/30/2024,87%
843,121,1,3,November,2025,11/30/2024,75%
844,121,7,4,January,2025,1/30/2025,79%
845,121,1,5,February,2025,2/28/2025,94%
846,121,8,6,March,2025,3/30/2025,94%
847,121,2,7,April,2025,4/30/2025,89%
848,122,6,1,September,2025,9/30/2024,93%
849,122,5,2,October,2025,10/30/2024,91%
850,122,1,3,November,2025,11/30/2024,84%
851,122,5,4,January,2025,1/30/2025,77%
852,122,7,5,February,2025,2/28/2025,95%
853,122,6,6,March,2025,3/30/2025,79%
854,122,8,7,April,2025,4/30/2025,79%
855,123,4,1,September,2025,9/30/2024,93%
856,123,7,2,October,2025,10/30/2024,87%
857,123,3,3,November,2025,11/30/2024,95%
858,123,7,4,January,2025,1/30/2025,90%
859,123,8,5,February,2025,2/28/2025,86%
860,123,4,6,March,2025,3/30/2025,89%
861,123,4,7,April,2025,4/30/2025,89%
862,124,7,1,September,2025,9/30/2024,84%
863,124,7,2,October,2025,10/30/2024,81%
864,124,2,3,November,2025,11/30/2024,86%
865,124,1,4,January,2025,1/30/2025,94%
866,124,2,5,February,2025,2/28/2025,85%
867,124,9,6,March,2025,3/30/2025,91%
868,124,7,7,April,2025,4/30/2025,76%
869,125,5,1,September,2025,9/30/2024,80%
870,125,5,2,October,2025,10/30/2024,92%
871,125,8,3,November,2025,11/30/2024,84%
872,125,8,4,January,2025,1/30/2025,79%
873,125,9,5,February,2025,2/28/2025,86%
874,125,2,6,March,2025,3/30/2025,83%
875,125,8,7,April,2025,4/30/2025,82%
876,126,4,1,September,2025,9/30/2024,88%
877,126,8,2,October,2025,10/30/2024,95%
878,126,9,3,November,2025,11/30/2024,84%
879,126,3,4,January,2025,1/30/2025,95%
880,126,3,5,February,2025,2/28/2025,80%
881,126,3,6,March,2025,3/30/2025,93%
882,126,6,7,April,2025,4/30/2025,87%
883,127,3,1,September,2025,9/30/2024,79%
884,127,4,2,October,2025,10/30/2024,87%
885,127,5,3,November,2025,11/30/2024,84%
886,127,9,4,January,2025,1/30/2025,95%
887,127,1,5,February,2025,2/28/2025,84%
888,127,8,6,March,2025,3/30/2025,93%
889,127,9,7,April,2025,4/30/2025,92%
890,128,3,1,September,2025,9/30/2024,94%
891,128,1,2,October,2025,10/30/2024,85%
892,128,9,3,November,2025,11/30/2024,76%
893,128,3,4,January,2025,1/30/2025,77%
894,128,1,5,February,2025,2/28/2025,75%
895,128,2,6,March,2025,3/30/2025,87%
896,128,6,7,April,2025,4/30/2025,75%
897,129,1,1,September,2025,9/30/2024,83%
898,129,5,2,October,2025,10/30/2024,88%
899,129,4,3,November,2025,11/30/2024,77%
900,129,4,4,January,2025,1/30/2025,94%
901,129,5,5,February,2025,2/28/2025,81%
902,129,2,6,March,2025,3/30/2025,81%
903,129,2,7,April,2025,4/30/2025,84%
904,130,1,1,September,2025,9/30/2024,85%
905,130,2,2,October,2025,10/30/2024,91%
906,130,7,3,November,2025,11/30/2024,88%
907,130,9,4,January,2025,1/30/2025,76%
908,130,7,5,February,2025,2/28/2025,89%
909,130,8,6,March,2025,3/30/2025,76%
910,130,3,7,April,2025,4/30/2025,79%
911,131,1,1,September,2025,9/30/2024,77%
912,131,6,2,October,2025,10/30/2024,78%
913,131,5,3,November,2025,11/30/2024,86%
914,131,9,4,January,2025,1/30/2025,84%
915,131,9,5,February,2025,2/28/2025,92%
916,131,2,6,March,2025,3/30/2025,91%
917,131,7,7,April,2025,4/30/2025,88%
918,132,2,1,September,2025,9/30/2024,82%
919,132,2,2,October,2025,10/30/2024,80%
920,132,3,3,November,2025,11/30/2024,77%
921,132,9,4,January,2025,1/30/2025,93%
922,132,3,5,February,2025,2/28/2025,78%
923,132,7,6,March,2025,3/30/2025,80%
924,132,6,7,April,2025,4/30/2025,85%
925,133,2,1,September,2025,9/30/2024,79%
926,133,6,2,October,2025,10/30/2024,92%
927,133,1,3,November,2025,11/30/2024,88%
928,133,2,4,January,2025,1/30/2025,84%
929,133,5,5,February,2025,2/28/2025,90%
930,133,4,6,March,2025,3/30/2025,85%
931,133,6,7,April,2025,4/30/2025,79%
932,134,5,1,September,2025,9/30/2024,95%
933,134,2,2,October,2025,10/30/2024,90%
934,134,2,3,November,2025,11/30/2024,76%
935,134,7,4,January,2025,1/30/2025,88%
936,134,2,5,February,2025,2/28/2025,77%
937,134,2,6,March,2025,3/30/2025,87%
938,134,2,7,April,2025,4/30/2025,82%
939,135,8,1,September,2025,9/30/2024,89%
940,135,5,2,October,2025,10/30/2024,81%
941,135,6,3,November,2025,11/30/2024,79%
942,135,1,4,January,2025,1/30/2025,81%
943,135,3,5,February,2025,2/28/2025,88%
944,135,3,6,March,2025,3/30/2025,85%
945,135,5,7,April,2025,4/30/2025,76%
946,136,9,1,September,2025,9/30/2024,81%
947,136,1,2,October,2025,10/30/2024,89%
948,136,4,3,November,2025,11/30/2024,88%
949,136,1,4,January,2025,1/30/2025,84%
950,136,6,5,February,2025,2/28/2025,75%
951,136,1,6,March,2025,3/30/2025,76%
952,136,3,7,April,2025,4/30/2025,94%
953,137,5,1,September,2025,9/30/2024,80%
954,137,1,2,October,2025,10/30/2024,93%
955,137,5,3,November,2025,11/30/2024,88%
956,137,7,4,January,2025,1/30/2025,77%
957,137,8,5,February,2025,2/28/2025,91%
958,137,7,6,March,2025,3/30/2025,87%
959,137,3,7,April,2025,4/30/2025,90%
960,138,3,1,September,2025,9/30/2024,80%
961,138,3,2,October,2025,10/30/2024,76%
962,138,5,3,November,2025,11/30/2024,88%
963,138,1,4,January,2025,1/30/2025,79%
964,138,9,5,February,2025,2/28/2025,93%
965,138,3,6,March,2025,3/30/2025,80%
966,138,2,7,April,2025,4/30/2025,77%
967,139,6,1,September,2025,9/30/2024,80%
968,139,4,2,October,2025,10/30/2024,84%
969,139,6,3,November,2025,11/30/2024,76%
970,139,4,4,January,2025,1/30/2025,92%
971,139,7,5,February,2025,2/28/2025,78%
972,139,1,6,March,2025,3/30/2025,81%
973,139,4,7,April,2025,4/30/2025,90%
974,140,6,1,September,2025,9/30/2024,84%
975,140,6,2,October,2025,10/30/2024,75%
976,140,2,3,November,2025,11/30/2024,91%
977,140,5,4,January,2025,1/30/2025,76%
978,140,3,5,February,2025,2/28/2025,78%
979,140,4,6,March,2025,3/30/2025,95%
980,140,3,7,April,2025,4/30/2025,83%
981,141,5,1,September,2025,9/30/2024,77%
982,141,4,2,October,2025,10/30/2024,87%
983,141,6,3,November,2025,11/30/2024,77%
984,141,5,4,January,2025,1/30/2025,86%
985,141,2,5,February,2025,2/28/2025,91%
986,141,9,6,March,2025,3/30/2025,76%
987,141,5,7,April,2025,4/30/2025,93%
988,142,2,1,September,2025,9/30/2024,85%
989,142,7,2,October,2025,10/30/2024,75%
990,142,9,3,November,2025,11/30/2024,77%
991,142,8,4,January,2025,1/30/2025,82%
992,142,9,5,February,2025,2/28/2025,84%
993,142,4,6,March,2025,3/30/2025,82%
994,142,2,7,April,2025,4/30/2025,86%
995,143,3,1,September,2025,9/30/2024,80%
996,143,2,2,October,2025,10/30/2024,82%
997,143,2,3,November,2025,11/30/2024,94%
998,143,6,4,January,2025,1/30/2025,92%
999,143,6,5,February,2025,2/28/2025,83%
1000,143,3,6,March,2025,3/30/2025,88%
1001,143,3,7,April,2025,4/30/2025,94%
1002,144,4,1,September,2025,9/30/2024,89%
1003,144,9,2,October,2025,10/30/2024,89%
1004,144,2,3,November,2025,11/30/2024,93%
1005,144,9,4,January,2025,1/30/2025,78%
1006,144,9,5,February,2025,2/28/2025,94%
1007,144,7,6,March,2025,3/30/2025,87%
1008,144,4,7,April,2025,4/30/2025,95%
1009,145,3,1,September,2025,9/30/2024,76%
1010,145,7,2,October,2025,10/30/2024,75%
1011,145,4,3,November,2025,11/30/2024,81%
1012,145,5,4,January,2025,1/30/2025,80%
1013,145,2,5,February,2025,2/28/2025,94%
1014,145,9,6,March,2025,3/30/2025,89%
1015,145,6,7,April,2025,4/30/2025,81%
1016,146,1,1,September,2025,9/30/2024,87%
1017,146,5,2,October,2025,10/30/2024,88%
1018,146,7,3,November,2025,11/30/2024,90%
1019,146,3,4,January,2025,1/30/2025,88%
1020,146,3,5,February,2025,2/28/2025,80%
1021,146,4,6,March,2025,3/30/2025,93%
1022,146,6,7,April,2025,4/30/2025,80%
1023,147,6,1,September,2025,9/30/2024,94%
1024,147,1,2,October,2025,10/30/2024,82%
1025,147,9,3,November,2025,11/30/2024,92%
1026,147,4,4,January,2025,1/30/2025,86%
1027,147,3,5,February,2025,2/28/2025,87%
1028,147,8,6,March,2025,3/30/2025,85%
1029,147,5,7,April,2025,4/30/2025,87%
1030,148,9,1,September,2025,9/30/2024,94%
1031,148,3,2,October,2025,10/30/2024,83%
1032,148,2,3,November,2025,11/30/2024,95%
1033,148,4,4,January,2025,1/30/2025,77%
1034,148,8,5,February,2025,2/28/2025,85%
1035,148,5,6,March,2025,3/30/2025,87%
1036,148,5,7,April,2025,4/30/2025,90%
1037,149,4,1,September,2025,9/30/2024,91%
1038,149,2,2,October,2025,10/30/2024,89%
1039,149,7,3,November,2025,11/30/2024,83%
1040,149,7,4,January,2025,1/30/2025,86%
1041,149,7,5,February,2025,2/28/2025,77%
1042,149,8,6,March,2025,3/30/2025,91%
1043,149,8,7,April,2025,4/30/2025,77%
1044,150,1,1,September,2025,9/30/2024,92%
1045,150,1,2,October,2025,10/30/2024,94%
1046,150,8,3,November,2025,11/30/2024,80%
1047,150,2,4,January,2025,1/30/2025,82%
1048,150,7,5,February,2025,2/28/2025,80%
1049,150,6,6,March,2025,3/30/2025,81%
1050,150,9,7,April,2025,4/30/2025,94%
1051,151,5,1,September,2025,9/30/2024,87%
1052,151,5,2,October,2025,10/30/2024,86%
1053,151,5,3,November,2025,11/30/2024,81%
1054,151,2,4,January,2025,1/30/2025,85%
1055,151,7,5,February,2025,2/28/2025,95%
1056,151,9,6,March,2025,3/30/2025,88%
1057,151,3,7,April,2025,4/30/2025,88%
1058,152,8,1,September,2025,9/30/2024,89%
1059,152,5,2,October,2025,10/30/2024,83%
1060,152,9,3,November,2025,11/30/2024,77%
1061,152,6,4,January,2025,1/30/2025,91%
1062,152,2,5,February,2025,2/28/2025,83%
1063,152,7,6,March,2025,3/30/2025,75%
1064,152,1,7,April,2025,4/30/2025,88%
1065,153,6,1,September,2025,9/30/2024,80%
1066,153,5,2,October,2025,10/30/2024,94%
1067,153,3,3,November,2025,11/30/2024,87%
1068,153,9,4,January,2025,1/30/2025,81%
1069,153,9,5,February,2025,2/28/2025,83%
1070,153,9,6,March,2025,3/30/2025,88%
1071,153,2,7,April,2025,4/30/2025,76%
1072,154,3,1,September,2025,9/30/2024,95%
1073,154,5,2,October,2025,10/30/2024,80%
1074,154,3,3,November,2025,11/30/2024,93%
1075,154,3,4,January,2025,1/30/2025,88%
1076,154,7,5,February,2025,2/28/2025,83%
1077,154,9,6,March,2025,3/30/2025,89%
1078,154,4,7,April,2025,4/30/2025,89%
1079,155,7,1,September,2025,9/30/2024,87%
1080,155,4,2,October,2025,10/30/2024,90%
1081,155,6,3,November,2025,11/30/2024,75%
1082,155,6,4,January,2025,1/30/2025,85%
1083,155,8,5,February,2025,2/28/2025,92%
1084,155,6,6,March,2025,3/30/2025,87%
1085,155,1,7,April,2025,4/30/2025,78%
1086,156,6,1,September,2025,9/30/2024,94%
1087,156,8,2,October,2025,10/30/2024,79%
1088,156,3,3,November,2025,11/30/2024,82%
1089,156,4,4,January,2025,1/30/2025,91%
1090,156,6,5,February,2025,2/28/2025,91%
1091,156,8,6,March,2025,3/30/2025,78%
1092,156,7,7,April,2025,4/30/2025,85%
1093,157,1,1,September,2025,9/30/2024,78%
1094,157,4,2,October,2025,10/30/2024,92%
1095,157,6,3,November,2025,11/30/2024,84%
1096,157,4,4,January,2025,1/30/2025,78%
1097,157,7,5,February,2025,2/28/2025,83%
1098,157,4,6,March,2025,3/30/2025,92%
1099,157,9,7,April,2025,4/30/2025,87%
1100,158,5,1,September,2025,9/30/2024,93%
1101,158,3,2,October,2025,10/30/2024,85%
1102,158,2,3,November,2025,11/30/2024,87%
1103,158,7,4,January,2025,1/30/2025,93%
1104,158,4,5,February,2025,2/28/2025,78%
1105,158,8,6,March,2025,3/30/2025,79%
1106,158,3,7,April,2025,4/30/2025,92%
1107,159,9,1,September,2025,9/30/2024,95%
1108,159,9,2,October,2025,10/30/2024,77%
1109,159,7,3,November,2025,11/30/2024,79%
1110,159,7,4,January,2025,1/30/2025,92%
1111,159,1,5,February,2025,2/28/2025,78%
1112,159,4,6,March,2025,3/30/2025,75%
1113,159,9,7,April,2025,4/30/2025,92%
1114,160,8,1,September,2025,9/30/2024,86%
1115,160,1,2,October,2025,10/30/2024,79%
1116,160,1,3,November,2025,11/30/2024,76%
1117,160,2,4,January,2025,1/30/2025,89%
1118,160,7,5,February,2025,2/28/2025,78%
1119,160,3,6,March,2025,3/30/2025,79%
1120,160,4,7,April,2025,4/30/2025,83%
1121,161,6,1,September,2025,9/30/2024,84%
1122,161,8,2,October,2025,10/30/2024,77%
1123,161,8,3,November,2025,11/30/2024,91%
1124,161,2,4,January,2025,1/30/2025,92%
1125,161,8,5,February,2025,2/28/2025,92%
1126,161,2,6,March,2025,3/30/2025,90%
1127,161,4,7,April,2025,4/30/2025,86%
1128,162,1,1,September,2025,9/30/2024,94%
1129,162,6,2,October,2025,10/30/2024,94%
1130,162,5,3,November,2025,11/30/2024,85%
1131,162,6,4,January,2025,1/30/2025,79%
1132,162,7,5,February,2025,2/28/2025,83%
1133,162,8,6,March,2025,3/30/2025,91%
1134,162,9,7,April,2025,4/30/2025,75%
1135,163,8,1,September,2025,9/30/2024,89%
1136,163,7,2,October,2025,10/30/2024,83%
1137,163,6,3,November,2025,11/30/2024,95%
1138,163,4,4,January,2025,1/30/2025,90%
1139,163,7,5,February,2025,2/28/2025,94%
1140,163,6,6,March,2025,3/30/2025,89%
1141,163,9,7,April,2025,4/30/2025,83%
1142,164,4,1,September,2025,9/30/2024,82%
1143,164,9,2,October,2025,10/30/2024,94%
1144,164,6,3,November,2025,11/30/2024,75%
1145,164,2,4,January,2025,1/30/2025,78%
1146,164,1,5,February,2025,2/28/2025,91%
1147,164,6,6,March,2025,3/30/2025,78%
1148,164,7,7,April,2025,4/30/2025,90%
1149,165,1,1,September,2025,9/30/2024,78%
1150,165,2,2,October,2025,10/30/2024,93%
1151,165,1,3,November,2025,11/30/2024,90%
1152,165,5,4,January,2025,1/30/2025,82%
1153,165,5,5,February,2025,2/28/2025,91%
1154,165,1,6,March,2025,3/30/2025,88%
1155,165,9,7,April,2025,4/30/2025,93%
1156,166,7,1,September,2025,9/30/2024,93%
1157,166,4,2,October,2025,10/30/2024,84%
1158,166,6,3,November,2025,11/30/2024,88%
1159,166,4,4,January,2025,1/30/2025,83%
1160,166,7,5,February,2025,2/28/2025,86%
1161,166,4,6,March,2025,3/30/2025,89%
1162,166,4,7,April,2025,4/30/2025,81%
1163,167,2,1,September,2025,9/30/2024,75%
1164,167,9,2,October,2025,10/30/2024,93%
1165,167,4,3,November,2025,11/30/2024,91%
1166,167,2,4,January,2025,1/30/2025,82%
1167,167,3,5,February,2025,2/28/2025,93%
1168,167,5,6,March,2025,3/30/2025,83%
1169,167,5,7,April,2025,4/30/2025,87%
1170,168,3,1,September,2025,9/30/2024,77%
1171,168,2,2,October,2025,10/30/2024,78%
1172,168,3,3,November,2025,11/30/2024,92%
1173,168,4,4,January,2025,1/30/2025,76%
1174,168,6,5,February,2025,2/28/2025,85%
1175,168,1,6,March,2025,3/30/2025,94%
1176,168,7,7,April,2025,4/30/2025,87%
1177,169,2,1,September,2025,9/30/2024,79%
1178,169,8,2,October,2025,10/30/2024,90%
1179,169,2,3,November,2025,11/30/2024,77%
1180,169,2,4,January,2025,1/30/2025,76%
1181,169,8,5,February,2025,2/28/2025,86%
1182,169,3,6,March,2025,3/30/2025,75%
1183,169,9,7,April,2025,4/30/2025,84%
1184,170,3,1,September,2025,9/30/2024,80%
1185,170,5,2,October,2025,10/30/2024,86%
1186,170,4,3,November,2025,11/30/2024,75%
1187,170,3,4,January,2025,1/30/2025,85%
1188,170,6,5,February,2025,2/28/2025,79%
1189,170,8,6,March,2025,3/30/2025,94%
1190,170,4,7,April,2025,4/30/2025,81%
1191,171,8,1,September,2025,9/30/2024,80%
1192,171,4,2,October,2025,10/30/2024,93%
1193,171,4,3,November,2025,11/30/2024,77%
1194,171,2,4,January,2025,1/30/2025,83%
1195,171,1,5,February,2025,2/28/2025,80%
1196,171,5,6,March,2025,3/30/2025,79%
1197,171,6,7,April,2025,4/30/2025,95%
1198,172,7,1,September,2025,9/30/2024,79%
1199,172,5,2,October,2025,10/30/2024,92%
1200,172,3,3,November,2025,11/30/2024,86%
1201,172,5,4,January,2025,1/30/2025,83%
1202,172,7,5,February,2025,2/28/2025,82%
1203,172,9,6,March,2025,3/30/2025,86%
1204,172,4,7,April,2025,4/30/2025,81%
1205,173,4,1,September,2025,9/30/2024,78%
1206,173,5,2,October,2025,10/30/2024,87%
1207,173,1,3,November,2025,11/30/2024,77%
1208,173,3,4,January,2025,1/30/2025,78%
1209,173,3,5,February,2025,2/28/2025,78%
1210,173,7,6,March,2025,3/30/2025,88%
1211,173,1,7,April,2025,4/30/2025,94%
1212,174,7,1,September,2025,9/30/2024,80%
1213,174,7,2,October,2025,10/30/2024,79%
1214,174,8,3,November,2025,11/30/2024,78%
1215,174,6,4,January,2025,1/30/2025,92%
1216,174,9,5,February,2025,2/28/2025,83%
1217,174,1,6,March,2025,3/30/2025,95%
1218,174,6,7,April,2025,4/30/2025,76%
1219,175,9,1,September,2025,9/30/2024,76%
1220,175,7,2,October,2025,10/30/2024,88%
1221,175,5,3,November,2025,11/30/2024,76%
1222,175,7,4,January,2025,1/30/2025,85%
1223,175,7,5,February,2025,2/28/2025,84%
1224,175,2,6,March,2025,3/30/2025,86%
1225,175,3,7,April,2025,4/30/2025,77%
1226,176,2,1,September,2025,9/30/2024,86%
1227,176,7,2,October,2025,10/30/2024,75%
1228,176,7,3,November,2025,11/30/2024,92%
1229,176,8,4,January,2025,1/30/2025,85%
1230,176,6,5,February,2025,2/28/2025,85%
1231,176,1,6,March,2025,3/30/2025,94%
1232,176,9,7,April,2025,4/30/2025,81%
1233,177,3,1,September,2025,9/30/2024,76%
1234,177,9,2,October,2025,10/30/2024,87%
1235,177,5,3,November,2025,11/30/2024,91%
1236,177,9,4,January,2025,1/30/2025,76%
1237,177,9,5,February,2025,2/28/2025,90%
1238,177,4,6,March,2025,3/30/2025,92%
1239,177,5,7,April,2025,4/30/2025,80%
1240,178,2,1,September,2025,9/30/2024,89%
1241,178,6,2,October,2025,10/30/2024,79%
1242,178,9,3,November,2025,11/30/2024,75%
1243,178,6,4,January,2025,1/30/2025,83%
1244,178,7,5,February,2025,2/28/2025,95%
1245,178,6,6,March,2025,3/30/2025,86%
1246,178,8,7,April,2025,4/30/2025,91%
1247,179,1,1,September,2025,9/30/2024,91%
1248,179,5,2,October,2025,10/30/2024,88%
1249,179,7,3,November,2025,11/30/2024,93%
1250,179,6,4,January,2025,1/30/2025,90%
1251,179,6,5,February,2025,2/28/2025,78%
1252,179,4,6,March,2025,3/30/2025,85%
1253,179,3,7,April,2025,4/30/2025,95%
1254,180,3,1,September,2025,9/30/2024,89%
1255,180,8,2,October,2025,10/30/2024,77%
1256,180,7,3,November,2025,11/30/2024,89%
1257,180,1,4,January,2025,1/30/2025,90%
1258,180,8,5,February,2025,2/28/2025,78%
1259,180,9,6,March,2025,3/30/2025,84%
1260,180,4,7,April,2025,4/30/2025,89%
1261,181,6,1,September,2025,9/30/2024,77%
1262,181,4,2,October,2025,10/30/2024,79%
1263,181,3,3,November,2025,11/30/2024,79%
1264,181,1,4,January,2025,1/30/2025,78%
1265,181,9,5,February,2025,2/28/2025,85%
1266,181,2,6,March,2025,3/30/2025,85%
1267,181,9,7,April,2025,4/30/2025,88%
1268,182,6,1,September,2025,9/30/2024,91%
1269,182,6,2,October,2025,10/30/2024,86%
1270,182,9,3,November,2025,11/30/2024,80%
1271,182,1,4,January,2025,1/30/2025,75%
1272,182,4,5,February,2025,2/28/2025,88%
1273,182,4,6,March,2025,3/30/2025,79%
1274,182,4,7,April,2025,4/30/2025,90%
1275,183,3,1,September,2025,9/30/2024,83%
1276,183,6,2,October,2025,10/30/2024,92%
1277,183,5,3,November,2025,11/30/2024,90%
1278,183,8,4,January,2025,1/30/2025,94%
1279,183,4,5,February,2025,2/28/2025,76%
1280,183,5,6,March,2025,3/30/2025,84%
1281,183,8,7,April,2025,4/30/2025,83%
1282,184,2,1,September,2025,9/30/2024,85%
1283,184,4,2,October,2025,10/30/2024,80%
1284,184,8,3,November,2025,11/30/2024,84%
1285,184,3,4,January,2025,1/30/2025,87%
1286,184,6,5,February,2025,2/28/2025,89%
1287,184,7,6,March,2025,3/30/2025,90%
1288,184,7,7,April,2025,4/30/2025,77%
1289,185,6,1,September,2025,9/30/2024,93%
1290,185,8,2,October,2025,10/30/2024,75%
1291,185,4,3,November,2025,11/30/2024,84%
1292,185,7,4,January,2025,1/30/2025,76%
1293,185,2,5,February,2025,2/28/2025,79%
1294,185,1,6,March,2025,3/30/2025,81%
1295,185,6,7,April,2025,4/30/2025,78%
1296,186,4,1,September,2025,9/30/2024,81%
1297,186,5,2,October,2025,10/30/2024,81%
1298,186,4,3,November,2025,11/30/2024,77%
1299,186,5,4,January,2025,1/30/2025,93%
1300,186,2,5,February,2025,2/28/2025,85%
1301,186,9,6,March,2025,3/30/2025,91%
1302,186,5,7,April,2025,4/30/2025,75%
1303,187,3,1,September,2025,9/30/2024,86%
1304,187,6,2,October,2025,10/30/2024,79%
1305,187,8,3,November,2025,11/30/2024,92%
1306,187,6,4,January,2025,1/30/2025,84%
1307,187,1,5,February,2025,2/28/2025,81%
1308,187,2,6,March,2025,3/30/2025,88%
1309,187,5,7,April,2025,4/30/2025,88%
1310,188,9,1,September,2025,9/30/2024,93%
1311,188,6,2,October,2025,10/30/2024,95%
1312,188,8,3,November,2025,11/30/2024,95%
1313,188,3,4,January,2025,1/30/2025,91%
1314,188,6,5,February,2025,2/28/2025,79%
1315,188,1,6,March,2025,3/30/2025,79%
1316,188,4,7,April,2025,4/30/2025,77%
1317,189,4,1,September,2025,9/30/2024,79%
1318,189,3,2,October,2025,10/30/2024,79%
1319,189,5,3,November,2025,11/30/2024,90%
1320,189,8,4,January,2025,1/30/2025,80%
1321,189,5,5,February,2025,2/28/2025,83%
1322,189,6,6,March,2025,3/30/2025,81%
1323,189,6,7,April,2025,4/30/2025,81%
1324,190,6,1,September,2025,9/30/2024,80%
1325,190,3,2,October,2025,10/30/2024,89%
1326,190,9,3,November,2025,11/30/2024,93%
1327,190,7,4,January,2025,1/30/2025,78%
1328,190,5,5,February,2025,2/28/2025,77%
1329,190,7,6,March,2025,3/30/2025,82%
1330,190,8,7,April,2025,4/30/2025,93%
1331,191,4,1,September,2025,9/30/2024,90%
1332,191,1,2,October,2025,10/30/2024,89%
1333,191,3,3,November,2025,11/30/2024,75%
1334,191,3,4,January,2025,1/30/2025,93%
1335,191,6,5,February,2025,2/28/2025,75%
1336,191,4,6,March,2025,3/30/2025,95%
1337,191,7,7,April,2025,4/30/2025,93%
1338,192,6,1,September,2025,9/30/2024,84%
1339,192,4,2,October,2025,10/30/2024,82%
1340,192,9,3,November,2025,11/30/2024,77%
1341,192,7,4,January,2025,1/30/2025,80%
1342,192,5,5,February,2025,2/28/2025,79%
1343,192,9,6,March,2025,3/30/2025,95%
1344,192,1,7,April,2025,4/30/2025,94%
1345,193,7,1,September,2025,9/30/2024,75%
1346,193,3,2,October,2025,10/30/2024,87%
1347,193,6,3,November,2025,11/30/2024,77%
1348,193,5,4,January,2025,1/30/2025,81%
1349,193,4,5,February,2025,2/28/2025,81%
1350,193,7,6,March,2025,3/30/2025,78%
1351,193,3,7,April,2025,4/30/2025,90%
1352,194,6,1,September,2025,9/30/2024,84%
1353,194,3,2,October,2025,10/30/2024,76%
1354,194,1,3,November,2025,11/30/2024,77%
1355,194,2,4,January,2025,1/30/2025,91%
1356,194,9,5,February,2025,2/28/2025,84%
1357,194,8,6,March,2025,3/30/2025,84%
1358,194,8,7,April,2025,4/30/2025,88%
1359,195,8,1,September,2025,9/30/2024,87%
1360,195,3,2,October,2025,10/30/2024,81%
1361,195,8,3,November,2025,11/30/2024,80%
1362,195,9,4,January,2025,1/30/2025,85%
1363,195,5,5,February,2025,2/28/2025,83%
1364,195,4,6,March,2025,3/30/2025,91%
1365,195,5,7,April,2025,4/30/2025,79%
1366,196,3,1,September,2025,9/30/2024,77%
1367,196,6,2,October,2025,10/30/2024,86%
1368,196,1,3,November,2025,11/30/2024,94%
1369,196,5,4,January,2025,1/30/2025,79%
1370,196,7,5,February,2025,2/28/2025,90%
1371,196,7,6,March,2025,3/30/2025,81%
1372,196,7,7,April,2025,4/30/2025,84%
1373,197,7,1,September,2025,9/30/2024,77%
1374,197,3,2,October,2025,10/30/2024,92%
1375,197,4,3,November,2025,11/30/2024,81%
1376,197,6,4,January,2025,1/30/2025,91%
1377,197,1,5,February,2025,2/28/2025,95%
1378,197,3,6,March,2025,3/30/2025,87%
1379,197,7,7,April,2025,4/30/2025,86%
1380,198,8,1,September,2025,9/30/2024,78%
1381,198,9,2,October,2025,10/30/2024,75%
1382,198,5,3,November,2025,11/30/2024,90%
1383,198,6,4,January,2025,1/30/2025,82%
1384,198,6,5,February,2025,2/28/2025,87%
1385,198,2,6,March,2025,3/30/2025,86%
1386,198,1,7,April,2025,4/30/2025,82%
1387,199,4,1,September,2025,9/30/2024,82%
1388,199,5,2,October,2025,10/30/2024,81%
1389,199,1,3,November,2025,11/30/2024,78%
1390,199,5,4,January,2025,1/30/2025,84%
1391,199,2,5,February,2025,2/28/2025,78%
1392,199,9,6,March,2025,3/30/2025,76%
1393,199,9,7,April,2025,4/30/2025,76%
1394,200,4,1,September,2025,9/30/2024,80%
1395,200,3,2,October,2025,10/30/2024,80%
1396,200,2,3,November,2025,11/30/2024,85%
1397,200,4,4,January,2025,1/30/2025,81%
1398,200,7,5,February,2025,2/28/2025,76%
1399,200,9,6,March,2025,3/30/2025,79%
1400,200,5,7,April,2025,4/30/2025,85%
1401,201,5,1,September,2025,9/30/2024,84%
1402,201,9,2,October,2025,10/30/2024,79%
1403,201,3,3,November,2025,11/30/2024,88%
1404,201,7,4,January,2025,1/30/2025,79%
1405,201,8,5,February,2025,2/28/2025,91%
1406,201,8,6,March,2025,3/30/2025,91%
1407,201,7,7,April,2025,4/30/2025,88%
1408,202,1,1,September,2025,9/30/2024,95%
1409,202,6,2,October,2025,10/30/2024,78%
1410,202,2,3,November,2025,11/30/2024,93%
1411,202,7,4,January,2025,1/30/2025,83%
1412,202,2,5,February,2025,2/28/2025,81%
1413,202,2,6,March,2025,3/30/2025,76%
1414,202,1,7,April,2025,4/30/2025,91%
1415,203,7,1,September,2025,9/30/2024,84%
1416,203,7,2,October,2025,10/30/2024,91%
1417,203,8,3,November,2025,11/30/2024,87%
1418,203,6,4,January,2025,1/30/2025,85%
1419,203,1,5,February,2025,2/28/2025,93%
1420,203,3,6,March,2025,3/30/2025,95%
1421,203,4,7,April,2025,4/30/2025,95%
1422,204,2,1,September,2025,9/30/2024,90%
1423,204,6,2,October,2025,10/30/2024,94%
1424,204,8,3,November,2025,11/30/2024,85%
1425,204,2,4,January,2025,1/30/2025,81%
1426,204,7,5,February,2025,2/28/2025,75%
1427,204,7,6,March,2025,3/30/2025,76%
1428,204,6,7,April,2025,4/30/2025,78%
1429,205,3,1,September,2025,9/30/2024,81%
1430,205,9,2,October,2025,10/30/2024,84%
1431,205,4,3,November,2025,11/30/2024,87%
1432,205,7,4,January,2025,1/30/2025,88%
1433,205,7,5,February,2025,2/28/2025,95%
1434,205,2,6,March,2025,3/30/2025,80%
1435,205,2,7,April,2025,4/30/2025,81%
1436,206,2,1,September,2025,9/30/2024,95%
1437,206,6,2,October,2025,10/30/2024,81%
1438,206,5,3,November,2025,11/30/2024,78%
1439,206,6,4,January,2025,1/30/2025,91%
1440,206,8,5,February,2025,2/28/2025,80%
1441,206,2,6,March,2025,3/30/2025,79%
1442,206,7,7,April,2025,4/30/2025,85%
1443,207,4,1,September,2025,9/30/2024,79%
1444,207,4,2,October,2025,10/30/2024,80%
1445,207,2,3,November,2025,11/30/2024,85%
1446,207,9,4,January,2025,1/30/2025,78%
1447,207,2,5,February,2025,2/28/2025,81%
1448,207,6,6,March,2025,3/30/2025,86%
1449,207,5,7,April,2025,4/30/2025,92%
1450,208,3,1,September,2025,9/30/2024,87%
1451,208,8,2,October,2025,10/30/2024,91%
1452,208,1,3,November,2025,11/30/2024,88%
1453,208,8,4,January,2025,1/30/2025,81%
1454,208,4,5,February,2025,2/28/2025,87%
1455,208,3,6,March,2025,3/30/2025,82%
1456,208,7,7,April,2025,4/30/2025,75%
1457,209,5,1,September,2025,9/30/2024,82%
1458,209,4,2,October,2025,10/30/2024,87%
1459,209,1,3,November,2025,11/30/2024,94%
1460,209,1,4,January,2025,1/30/2025,89%
1461,209,3,5,February,2025,2/28/2025,82%
1462,209,9,6,March,2025,3/30/2025,79%
1463,209,4,7,April,2025,4/30/2025,75%
1464,210,5,1,September,2025,9/30/2024,94%
1465,210,9,2,October,2025,10/30/2024,82%
1466,210,2,3,November,2025,11/30/2024,94%
1467,210,2,4,January,2025,1/30/2025,75%
1468,210,8,5,February,2025,2/28/2025,91%
1469,210,5,6,March,2025,3/30/2025,80%
1470,210,4,7,April,2025,4/30/2025,75%
1471,211,9,1,September,2025,9/30/2024,84%
1472,211,4,2,October,2025,10/30/2024,82%
1473,211,1,3,November,2025,11/30/2024,90%
1474,211,6,4,January,2025,1/30/2025,94%
1475,211,5,5,February,2025,2/28/2025,87%
1476,211,2,6,March,2025,3/30/2025,81%
1477,211,6,7,April,2025,4/30/2025,78%
1478,212,1,1,September,2025,9/30/2024,85%
1479,212,4,2,October,2025,10/30/2024,91%
1480,212,9,3,November,2025,11/30/2024,75%
1481,212,1,4,January,2025,1/30/2025,76%
1482,212,8,5,February,2025,2/28/2025,94%
1483,212,2,6,March,2025,3/30/2025,95%
1484,212,5,7,April,2025,4/30/2025,87%
1485,213,3,1,September,2025,9/30/2024,87%
1486,213,2,2,October,2025,10/30/2024,92%
1487,213,2,3,November,2025,11/30/2024,78%
1488,213,4,4,January,2025,1/30/2025,77%
1489,213,6,5,February,2025,2/28/2025,75%
1490,213,3,6,March,2025,3/30/2025,82%
1491,213,8,7,April,2025,4/30/2025,88%
1492,214,3,1,September,2025,9/30/2024,81%
1493,214,7,2,October,2025,10/30/2024,90%
1494,214,8,3,November,2025,11/30/2024,76%
1495,214,5,4,January,2025,1/30/2025,86%
1496,214,1,5,February,2025,2/28/2025,79%
1497,214,7,6,March,2025,3/30/2025,77%
1498,214,5,7,April,2025,4/30/2025,82%
1499,215,6,1,September,2025,9/30/2024,82%
1500,215,1,2,October,2025,10/30/2024,77%
1501,215,1,3,November,2025,11/30/2024,94%
1502,215,9,4,January,2025,1/30/2025,91%
1503,215,4,5,February,2025,2/28/2025,89%
1504,215,7,6,March,2025,3/30/2025,86%
1505,215,9,7,April,2025,4/30/2025,95%
1506,216,3,1,September,2025,9/30/2024,93%
1507,216,6,2,October,2025,10/30/2024,90%
1508,216,9,3,November,2025,11/30/2024,79%
1509,216,3,4,January,2025,1/30/2025,95%
1510,216,5,5,February,2025,2/28/2025,85%
1511,216,6,6,March,2025,3/30/2025,75%
1512,216,5,7,April,2025,4/30/2025,77%
1513,217,1,1,September,2025,9/30/2024,80%
1514,217,9,2,October,2025,10/30/2024,94%
1515,217,7,3,November,2025,11/30/2024,75%
1516,217,8,4,January,2025,1/30/2025,78%
1517,217,3,5,February,2025,2/28/2025,93%
1518,217,4,6,March,2025,3/30/2025,79%
1519,217,7,7,April,2025,4/30/2025,80%
1520,218,6,1,September,2025,9/30/2024,91%
1521,218,9,2,October,2025,10/30/2024,81%
1522,218,3,3,November,2025,11/30/2024,79%
1523,218,3,4,January,2025,1/30/2025,92%
1524,218,6,5,February,2025,2/28/2025,79%
1525,218,9,6,March,2025,3/30/2025,91%
1526,218,1,7,April,2025,4/30/2025,89%
1527,219,6,1,September,2025,9/30/2024,87%
1528,219,2,2,October,2025,10/30/2024,78%
1529,219,8,3,November,2025,11/30/2024,83%
1530,219,1,4,January,2025,1/30/2025,80%
1531,219,8,5,February,2025,2/28/2025,88%
1532,219,4,6,March,2025,3/30/2025,87%
1533,219,3,7,April,2025,4/30/2025,81%
1534,220,6,1,September,2025,9/30/2024,77%
1535,220,9,2,October,2025,10/30/2024,85%
1536,220,3,3,November,2025,11/30/2024,95%
1537,220,7,4,January,2025,1/30/2025,83%
1538,220,1,5,February,2025,2/28/2025,77%
1539,220,9,6,March,2025,3/30/2025,85%
1540,220,6,7,April,2025,4/30/2025,94%
1541,221,7,1,September,2025,9/30/2024,78%
1542,221,2,2,October,2025,10/30/2024,92%
1543,221,8,3,November,2025,11/30/2024,87%
1544,221,3,4,January,2025,1/30/2025,89%
1545,221,9,5,February,2025,2/28/2025,76%
1546,221,9,6,March,2025,3/30/2025,92%
1547,221,7,7,April,2025,4/30/2025,93%
1548,222,6,1,September,2025,9/30/2024,85%
1549,222,4,2,October,2025,10/30/2024,85%
1550,222,8,3,November,2025,11/30/2024,90%
1551,222,5,4,January,2025,1/30/2025,92%
1552,222,6,5,February,2025,2/28/2025,88%
1553,222,5,6,March,2025,3/30/2025,80%
1554,222,1,7,April,2025,4/30/2025,89%
1555,223,8,1,September,2025,9/30/2024,88%
1556,223,5,2,October,2025,10/30/2024,87%
1557,223,8,3,November,2025,11/30/2024,88%
1558,223,1,4,January,2025,1/30/2025,84%
1559,223,6,5,February,2025,2/28/2025,76%
1560,223,2,6,March,2025,3/30/2025,88%
1561,223,8,7,April,2025,4/30/2025,90%
1562,224,6,1,September,2025,9/30/2024,92%
1563,224,9,2,October,2025,10/30/2024,86%
1564,224,2,3,November,2025,11/30/2024,75%
1565,224,2,4,January,2025,1/30/2025,87%
1566,224,5,5,February,2025,2/28/2025,89%
1567,224,9,6,March,2025,3/30/2025,82%
1568,224,7,7,April,2025,4/30/2025,76%
1569,225,5,1,September,2025,9/30/2024,90%
1570,225,2,2,October,2025,10/30/2024,91%
1571,225,7,3,November,2025,11/30/2024,80%
1572,225,7,4,January,2025,1/30/2025,84%
1573,225,2,5,February,2025,2/28/2025,77%
1574,225,4,6,March,2025,3/30/2025,88%
1575,225,2,7,April,2025,4/30/2025,87%
1576,226,4,1,September,2025,9/30/2024,90%
1577,226,9,2,October,2025,10/30/2024,83%
1578,226,2,3,November,2025,11/30/2024,87%
1579,226,1,4,January,2025,1/30/2025,78%
1580,226,6,5,February,2025,2/28/2025,95%
1581,226,3,6,March,2025,3/30/2025,89%
1582,226,4,7,April,2025,4/30/2025,81%
1583,227,7,1,September,2025,9/30/2024,84%
1584,227,1,2,October,2025,10/30/2024,88%
1585,227,1,3,November,2025,11/30/2024,81%
1586,227,6,4,January,2025,1/30/2025,94%
1587,227,8,5,February,2025,2/28/2025,83%
1588,227,1,6,March,2025,3/30/2025,81%
1589,227,2,7,April,2025,4/30/2025,79%
1590,228,9,1,September,2025,9/30/2024,82%
1591,228,5,2,October,2025,10/30/2024,86%
1592,228,2,3,November,2025,11/30/2024,82%
1593,228,5,4,January,2025,1/30/2025,91%
1594,228,4,5,February,2025,2/28/2025,93%
1595,228,1,6,March,2025,3/30/2025,81%
1596,228,7,7,April,2025,4/30/2025,92%
1597,229,3,1,September,2025,9/30/2024,88%
1598,229,8,2,October,2025,10/30/2024,95%
1599,229,1,3,November,2025,11/30/2024,80%
1600,229,8,4,January,2025,1/30/2025,79%
1601,229,3,5,February,2025,2/28/2025,94%
1602,229,2,6,March,2025,3/30/2025,85%
1603,229,7,7,April,2025,4/30/2025,86%
1604,230,1,1,September,2025,9/30/2024,93%
1605,230,3,2,October,2025,10/30/2024,77%
1606,230,5,3,November,2025,11/30/2024,82%
1607,230,7,4,January,2025,1/30/2025,84%
1608,230,5,5,February,2025,2/28/2025,90%
1609,230,2,6,March,2025,3/30/2025,81%
1610,230,3,7,April,2025,4/30/2025,79%
1611,231,2,1,September,2025,9/30/2024,93%
1612,231,5,2,October,2025,10/30/2024,81%
1613,231,3,3,November,2025,11/30/2024,83%
1614,231,1,4,January,2025,1/30/2025,83%
1615,231,2,5,February,2025,2/28/2025,79%
1616,231,4,6,March,2025,3/30/2025,87%
1617,231,8,7,April,2025,4/30/2025,87%
1618,232,3,1,September,2025,9/30/2024,93%
1619,232,6,2,October,2025,10/30/2024,75%
1620,232,7,3,November,2025,11/30/2024,80%
1621,232,2,4,January,2025,1/30/2025,85%
1622,232,4,5,February,2025,2/28/2025,76%
1623,232,8,6,March,2025,3/30/2025,91%
1624,232,1,7,April,2025,4/30/2025,90%
1625,233,2,1,September,2025,9/30/2024,83%
1626,233,5,2,October,2025,10/30/2024,75%
1627,233,5,3,November,2025,11/30/2024,95%
1628,233,7,4,January,2025,1/30/2025,81%
1629,233,6,5,February,2025,2/28/2025,82%
1630,233,1,6,March,2025,3/30/2025,88%
1631,233,6,7,April,2025,4/30/2025,94%
1632,234,6,1,September,2025,9/30/2024,89%
1633,234,7,2,October,2025,10/30/2024,87%
1634,234,2,3,November,2025,11/30/2024,84%
1635,234,2,4,January,2025,1/30/2025,88%
1636,234,9,5,February,2025,2/28/2025,81%
1637,234,1,6,March,2025,3/30/2025,83%
1638,234,5,7,April,2025,4/30/2025,79%
1639,235,7,1,September,2025,9/30/2024,95%
1640,235,6,2,October,2025,10/30/2024,85%
1641,235,2,3,November,2025,11/30/2024,90%
1642,235,4,4,January,2025,1/30/2025,75%
1643,235,1,5,February,2025,2/28/2025,92%
1644,235,8,6,March,2025,3/30/2025,88%
1645,235,7,7,April,2025,4/30/2025,86%
1646,236,3,1,September,2025,9/30/2024,94%
1647,236,1,2,October,2025,10/30/2024,86%
1648,236,7,3,November,2025,11/30/2024,90%
1649,236,2,4,January,2025,1/30/2025,83%
1650,236,9,5,February,2025,2/28/2025,87%
1651,236,4,6,March,2025,3/30/2025,84%
1652,236,8,7,April,2025,4/30/2025,94%
1653,237,1,1,September,2025,9/30/2024,84%
1654,237,2,2,October,2025,10/30/2024,89%
1655,237,3,3,November,2025,11/30/2024,79%
1656,237,9,4,January,2025,1/30/2025,83%
1657,237,5,5,February,2025,2/28/2025,77%
1658,237,8,6,March,2025,3/30/2025,88%
1659,237,1,7,April,2025,4/30/2025,83%
1660,238,6,1,September,2025,9/30/2024,76%
1661,238,3,2,October,2025,10/30/2024,86%
1662,238,5,3,November,2025,11/30/2024,95%
1663,238,8,4,January,2025,1/30/2025,81%
1664,238,1,5,February,2025,2/28/2025,91%
1665,238,1,6,March,2025,3/30/2025,89%
1666,238,8,7,April,2025,4/30/2025,94%
1667,239,2,1,September,2025,9/30/2024,83%
1668,239,4,2,October,2025,10/30/2024,86%
1669,239,7,3,November,2025,11/30/2024,89%
1670,239,5,4,January,2025,1/30/2025,75%
1671,239,8,5,February,2025,2/28/2025,95%
1672,239,2,6,March,2025,3/30/2025,94%
1673,239,1,7,April,2025,4/30/2025,82%
1674,240,8,1,September,2025,9/30/2024,86%
1675,240,4,2,October,2025,10/30/2024,75%
1676,240,8,3,November,2025,11/30/2024,87%
1677,240,4,4,January,2025,1/30/2025,83%
1678,240,4,5,February,2025,2/28/2025,84%
1679,240,5,6,March,2025,3/30/2025,89%
1680,240,7,7,April,2025,4/30/2025,89%
1681,241,9,1,September,2025,9/30/2024,89%
1682,241,5,2,October,2025,10/30/2024,79%
1683,241,8,3,November,2025,11/30/2024,83%
1684,241,1,4,January,2025,1/30/2025,86%
1685,241,3,5,February,2025,2/28/2025,90%
1686,241,2,6,March,2025,3/30/2025,84%
1687,241,1,7,April,2025,4/30/2025,80%
1688,242,2,1,September,2025,9/30/2024,81%
1689,242,7,2,October,2025,10/30/2024,78%
1690,242,4,3,November,2025,11/30/2024,80%
1691,242,7,4,January,2025,1/30/2025,83%
1692,242,6,5,February,2025,2/28/2025,80%
1693,242,6,6,March,2025,3/30/2025,94%
1694,242,9,7,April,2025,4/30/2025,82%
1695,243,4,1,September,2025,9/30/2024,77%
1696,243,5,2,October,2025,10/30/2024,83%
1697,243,4,3,November,2025,11/30/2024,88%
1698,243,1,4,January,2025,1/30/2025,84%
1699,243,8,5,February,2025,2/28/2025,77%
1700,243,4,6,March,2025,3/30/2025,82%
1701,243,3,7,April,2025,4/30/2025,93%
1702,244,9,1,September,2025,9/30/2024,78%
1703,244,8,2,October,2025,10/30/2024,78%
1704,244,2,3,November,2025,11/30/2024,76%
1705,244,7,4,January,2025,1/30/2025,92%
1706,244,9,5,February,2025,2/28/2025,83%
1707,244,9,6,March,2025,3/30/2025,80%
1708,244,7,7,April,2025,4/30/2025,89%
1709,245,8,1,September,2025,9/30/2024,87%
1710,245,1,2,October,2025,10/30/2024,86%
1711,245,3,3,November,2025,11/30/2024,89%
1712,245,1,4,January,2025,1/30/2025,76%
1713,245,2,5,February,2025,2/28/2025,84%
1714,245,3,6,March,2025,3/30/2025,90%
1715,245,1,7,April,2025,4/30/2025,95%
1716,246,7,1,September,2025,9/30/2024,95%
1717,246,8,2,October,2025,10/30/2024,80%
1718,246,8,3,November,2025,11/30/2024,76%
1719,246,5,4,January,2025,1/30/2025,75%
1720,246,9,5,February,2025,2/28/2025,78%
1721,246,2,6,March,2025,3/30/2025,78%
1722,246,1,7,April,2025,4/30/2025,91%
1723,247,3,1,September,2025,9/30/2024,79%
1724,247,9,2,October,2025,10/30/2024,76%
1725,247,7,3,November,2025,11/30/2024,93%
1726,247,9,4,January,2025,1/30/2025,94%
1727,247,7,5,February,2025,2/28/2025,86%
1728,247,7,6,March,2025,3/30/2025,87%
1729,247,2,7,April,2025,4/30/2025,91%
1730,248,2,1,September,2025,9/30/2024,84%
1731,248,8,2,October,2025,10/30/2024,91%
1732,248,5,3,November,2025,11/30/2024,85%
1733,248,2,4,January,2025,1/30/2025,75%
1734,248,8,5,February,2025,2/28/2025,92%
1735,248,7,6,March,2025,3/30/2025,93%
1736,248,3,7,April,2025,4/30/2025,80%
1737,249,7,1,September,2025,9/30/2024,81%
1738,249,5,2,October,2025,10/30/2024,82%
1739,249,6,3,November,2025,11/30/2024,85%
1740,249,9,4,January,2025,1/30/2025,80%
1741,249,6,5,February,2025,2/28/2025,86%
1742,249,2,6,March,2025,3/30/2025,87%
1743,249,8,7,April,2025,4/30/2025,89%
1744,250,4,1,September,2025,9/30/2024,82%
1745,250,1,2,October,2025,10/30/2024,86%
1746,250,4,3,November,2025,11/30/2024,94%
1747,250,7,4,January,2025,1/30/2025,95%
1748,250,6,5,February,2025,2/28/2025,80%
1749,250,8,6,March,2025,3/30/2025,75%
1750,250,2,7,April,2025,4/30/2025,77%
1751,251,4,1,September,2025,9/30/2024,75%
1752,251,1,2,October,2025,10/30/2024,87%
1753,251,1,3,November,2025,11/30/2024,76%
1754,251,1,4,January,2025,1/30/2025,89%
1755,251,2,5,February,2025,2/28/2025,88%
1756,251,4,6,March,2025,3/30/2025,86%
1757,251,9,7,April,2025,4/30/2025,85%
1758,252,2,1,September,2025,9/30/2024,88%
1759,252,7,2,October,2025,10/30/2024,77%
1760,252,1,3,November,2025,11/30/2024,88%
1761,252,4,4,January,2025,1/30/2025,82%
1762,252,1,5,February,2025,2/28/2025,79%
1763,252,7,6,March,2025,3/30/2025,92%
1764,252,1,7,April,2025,4/30/2025,81%
1765,253,6,1,September,2025,9/30/2024,88%
1766,253,4,2,October,2025,10/30/2024,84%
1767,253,4,3,November,2025,11/30/2024,78%
1768,253,2,4,January,2025,1/30/2025,91%
1769,253,1,5,February,2025,2/28/2025,78%
1770,253,9,6,March,2025,3/30/2025,85%
1771,253,5,7,April,2025,4/30/2025,83%
1772,254,4,1,September,2025,9/30/2024,85%
1773,254,5,2,October,2025,10/30/2024,89%
1774,254,3,3,November,2025,11/30/2024,84%
1775,254,8,4,January,2025,1/30/2025,77%
1776,254,8,5,February,2025,2/28/2025,81%
1777,254,2,6,March,2025,3/30/2025,75%
1778,254,7,7,April,2025,4/30/2025,80%
1779,255,7,1,September,2025,9/30/2024,95%
1780,255,1,2,October,2025,10/30/2024,95%
1781,255,2,3,November,2025,11/30/2024,89%
1782,255,8,4,January,2025,1/30/2025,75%
1783,255,5,5,February,2025,2/28/2025,85%
1784,255,3,6,March,2025,3/30/2025,85%
1785,255,7,7,April,2025,4/30/2025,79%
1786,256,1,1,September,2025,9/30/2024,85%
1787,256,3,2,October,2025,10/30/2024,92%
1788,256,8,3,November,2025,11/30/2024,79%
1789,256,3,4,January,2025,1/30/2025,85%
1790,256,6,5,February,2025,2/28/2025,78%
1791,256,5,6,March,2025,3/30/2025,85%
1792,256,2,7,April,2025,4/30/2025,90%
1793,257,1,1,September,2025,9/30/2024,85%
1794,257,3,2,October,2025,10/30/2024,79%
1795,257,3,3,November,2025,11/30/2024,84%
1796,257,1,4,January,2025,1/30/2025,84%
1797,257,5,5,February,2025,2/28/2025,92%
1798,257,4,6,March,2025,3/30/2025,79%
1799,257,9,7,April,2025,4/30/2025,87%
1800,258,1,1,September,2025,9/30/2024,87%
1801,258,3,2,October,2025,10/30/2024,85%
1802,258,2,3,November,2025,11/30/2024,83%
1803,258,9,4,January,2025,1/30/2025,75%
1804,258,4,5,February,2025,2/28/2025,75%
1805,258,3,6,March,2025,3/30/2025,88%
1806,258,6,7,April,2025,4/30/2025,92%
1807,259,4,1,September,2025,9/30/2024,75%
1808,259,6,2,October,2025,10/30/2024,93%
1809,259,6,3,November,2025,11/30/2024,80%
1810,259,5,4,January,2025,1/30/2025,90%
1811,259,9,5,February,2025,2/28/2025,84%
1812,259,1,6,March,2025,3/30/2025,93%
1813,259,7,7,April,2025,4/30/2025,77%
1814,260,9,1,September,2025,9/30/2024,94%
1815,260,3,2,October,2025,10/30/2024,75%
1816,260,2,3,November,2025,11/30/2024,94%
1817,260,4,4,January,2025,1/30/2025,78%
1818,260,3,5,February,2025,2/28/2025,95%
1819,260,9,6,March,2025,3/30/2025,87%
1820,260,4,7,April,2025,4/30/2025,87%
1821,261,6,1,September,2025,9/30/2024,87%
1822,261,2,2,October,2025,10/30/2024,83%
1823,261,6,3,November,2025,11/30/2024,84%
1824,261,9,4,January,2025,1/30/2025,88%
1825,261,8,5,February,2025,2/28/2025,80%
1826,261,4,6,March,2025,3/30/2025,91%
1827,261,7,7,April,2025,4/30/2025,86%
1828,262,7,1,September,2025,9/30/2024,94%
1829,262,1,2,October,2025,10/30/2024,88%
1830,262,9,3,November,2025,11/30/2024,85%
1831,262,3,4,January,2025,1/30/2025,82%
1832,262,1,5,February,2025,2/28/2025,93%
1833,262,9,6,March,2025,3/30/2025,83%
1834,262,7,7,April,2025,4/30/2025,82%
1835,263,5,1,September,2025,9/30/2024,86%
1836,263,8,2,October,2025,10/30/2024,85%
1837,263,9,3,November,2025,11/30/2024,94%
1838,263,2,4,January,2025,1/30/2025,76%
1839,263,4,5,February,2025,2/28/2025,76%
1840,263,5,6,March,2025,3/30/2025,87%
1841,263,8,7,April,2025,4/30/2025,95%
1842,264,5,1,September,2025,9/30/2024,93%
1843,264,5,2,October,2025,10/30/2024,77%
1844,264,6,3,November,2025,11/30/2024,81%
1845,264,2,4,January,2025,1/30/2025,84%
1846,264,1,5,February,2025,2/28/2025,77%
1847,264,2,6,March,2025,3/30/2025,77%
1848,264,9,7,April,2025,4/30/2025,79%
1849,265,6,1,September,2025,9/30/2024,86%
1850,265,2,2,October,2025,10/30/2024,79%
1851,265,7,3,November,2025,11/30/2024,76%
1852,265,8,4,January,2025,1/30/2025,88%
1853,265,7,5,February,2025,2/28/2025,79%
1854,265,9,6,March,2025,3/30/2025,94%
1855,265,4,7,April,2025,4/30/2025,93%
1856,266,7,1,September,2025,9/30/2024,85%
1857,266,9,2,October,2025,10/30/2024,75%
1858,266,4,3,November,2025,11/30/2024,81%
1859,266,9,4,January,2025,1/30/2025,88%
1860,266,7,5,February,2025,2/28/2025,81%
1861,266,3,6,March,2025,3/30/2025,90%
1862,266,4,7,April,2025,4/30/2025,89%
1863,267,3,1,September,2025,9/30/2024,79%
1864,267,9,2,October,2025,10/30/2024,76%
1865,267,3,3,November,2025,11/30/2024,90%
1866,267,5,4,January,2025,1/30/2025,85%
1867,267,7,5,February,2025,2/28/2025,75%
1868,267,3,6,March,2025,3/30/2025,90%
1869,267,2,7,April,2025,4/30/2025,95%
1870,268,4,1,September,2025,9/30/2024,76%
1871,268,1,2,October,2025,10/30/2024,79%
1872,268,2,3,November,2025,11/30/2024,86%
1873,268,5,4,January,2025,1/30/2025,75%
1874,268,2,5,February,2025,2/28/2025,85%
1875,268,6,6,March,2025,3/30/2025,83%
1876,268,9,7,April,2025,4/30/2025,80%
1877,269,5,1,September,2025,9/30/2024,95%
1878,269,8,2,October,2025,10/30/2024,83%
1879,269,1,3,November,2025,11/30/2024,76%
1880,269,8,4,January,2025,1/30/2025,90%
1881,269,1,5,February,2025,2/28/2025,79%
1882,269,3,6,March,2025,3/30/2025,81%
1883,269,6,7,April,2025,4/30/2025,81%
1884,270,2,1,September,2025,9/30/2024,77%
1885,270,1,2,October,2025,10/30/2024,93%
1886,270,1,3,November,2025,11/30/2024,77%
1887,270,3,4,January,2025,1/30/2025,86%
1888,270,3,5,February,2025,2/28/2025,79%
1889,270,9,6,March,2025,3/30/2025,89%
1890,270,6,7,April,2025,4/30/2025,94%
1891,271,7,1,September,2025,9/30/2024,80%
1892,271,8,2,October,2025,10/30/2024,85%
1893,271,6,3,November,2025,11/30/2024,92%
1894,271,1,4,January,2025,1/30/2025,75%
1895,271,9,5,February,2025,2/28/2025,95%
1896,271,4,6,March,2025,3/30/2025,79%
1897,271,9,7,April,2025,4/30/2025,94%
1898,272,7,1,September,2025,9/30/2024,85%
1899,272,9,2,October,2025,10/30/2024,92%
1900,272,1,3,November,2025,11/30/2024,81%
1901,272,1,4,January,2025,1/30/2025,80%
1902,272,8,5,February,2025,2/28/2025,81%
1903,272,7,6,March,2025,3/30/2025,86%
1904,272,9,7,April,2025,4/30/2025,88%
1905,273,6,1,September,2025,9/30/2024,85%
1906,273,4,2,October,2025,10/30/2024,88%
1907,273,6,3,November,2025,11/30/2024,88%
1908,273,3,4,January,2025,1/30/2025,95%
1909,273,6,5,February,2025,2/28/2025,85%
1910,273,3,6,March,2025,3/30/2025,77%
1911,273,2,7,April,2025,4/30/2025,84%
1912,274,1,1,September,2025,9/30/2024,80%
1913,274,3,2,October,2025,10/30/2024,75%
1914,274,5,3,November,2025,11/30/2024,92%
1915,274,9,4,January,2025,1/30/2025,95%
1916,274,5,5,February,2025,2/28/2025,82%
1917,274,3,6,March,2025,3/30/2025,75%
1918,274,8,7,April,2025,4/30/2025,81%
1919,275,1,1,September,2025,9/30/2024,75%
1920,275,1,2,October,2025,10/30/2024,85%
1921,275,3,3,November,2025,11/30/2024,84%
1922,275,4,4,January,2025,1/30/2025,85%
1923,275,9,5,February,2025,2/28/2025,90%
1924,275,4,6,March,2025,3/30/2025,94%
1925,275,7,7,April,2025,4/30/2025,80%
1926,276,8,1,September,2025,9/30/2024,95%
1927,276,9,2,October,2025,10/30/2024,91%
1928,276,4,3,November,2025,11/30/2024,92%
1929,276,6,4,January,2025,1/30/2025,83%
1930,276,8,5,February,2025,2/28/2025,87%
1931,276,6,6,March,2025,3/30/2025,95%
1932,276,1,7,April,2025,4/30/2025,92%
1933,277,9,1,September,2025,9/30/2024,82%
1934,277,4,2,October,2025,10/30/2024,93%
1935,277,1,3,November,2025,11/30/2024,76%
1936,277,2,4,January,2025,1/30/2025,78%
1937,277,3,5,February,2025,2/28/2025,82%
1938,277,1,6,March,2025,3/30/2025,76%
1939,277,5,7,April,2025,4/30/2025,88%
1940,278,2,1,September,2025,9/30/2024,90%
1941,278,2,2,October,2025,10/30/2024,93%
1942,278,1,3,November,2025,11/30/2024,80%
1943,278,2,4,January,2025,1/30/2025,80%
1944,278,2,5,February,2025,2/28/2025,95%
1945,278,3,6,March,2025,3/30/2025,85%
1946,278,8,7,April,2025,4/30/2025,86%
1947,279,2,1,September,2025,9/30/2024,77%
1948,279,7,2,October,2025,10/30/2024,76%
1949,279,5,3,November,2025,11/30/2024,85%
1950,279,5,4,January,2025,1/30/2025,94%
1951,279,5,5,February,2025,2/28/2025,89%
1952,279,6,6,March,2025,3/30/2025,76%
1953,279,6,7,April,2025,4/30/2025,76%
1954,280,9,1,September,2025,9/30/2024,90%
1955,280,8,2,October,2025,10/30/2024,76%
1956,280,6,3,November,2025,11/30/2024,93%
1957,280,2,4,January,2025,1/30/2025,86%
1958,280,8,5,February,2025,2/28/2025,93%
1959,280,2,6,March,2025,3/30/2025,79%
1960,280,9,7,April,2025,4/30/2025,93%
1961,281,1,1,September,2025,9/30/2024,86%
1962,281,9,2,October,2025,10/30/2024,94%
1963,281,8,3,November,2025,11/30/2024,88%
1964,281,1,4,January,2025,1/30/2025,78%
1965,281,8,5,February,2025,2/28/2025,80%
1966,281,1,6,March,2025,3/30/2025,78%
1967,281,7,7,April,2025,4/30/2025,78%
1968,282,5,1,September,2025,9/30/2024,79%
1969,282,8,2,October,2025,10/30/2024,86%
1970,282,1,3,November,2025,11/30/2024,82%
1971,282,3,4,January,2025,1/30/2025,89%
1972,282,9,5,February,2025,2/28/2025,82%
1973,282,9,6,March,2025,3/30/2025,88%
1974,282,1,7,April,2025,4/30/2025,86%
1975,283,7,1,September,2025,9/30/2024,88%
1976,283,3,2,October,2025,10/30/2024,86%
1977,283,3,3,November,2025,11/30/2024,81%
1978,283,6,4,January,2025,1/30/2025,79%
1979,283,6,5,February,2025,2/28/2025,76%
1980,283,9,6,March,2025,3/30/2025,86%
1981,283,3,7,April,2025,4/30/2025,86%
1982,284,1,1,September,2025,9/30/2024,90%
1983,284,1,2,October,2025,10/30/2024,84%
1984,284,5,3,November,2025,11/30/2024,82%
1985,284,1,4,January,2025,1/30/2025,79%
1986,284,3,5,February,2025,2/28/2025,77%
1987,284,5,6,March,2025,3/30/2025,92%
1988,284,9,7,April,2025,4/30/2025,91%
1989,285,9,1,September,2025,9/30/2024,81%
1990,285,7,2,October,2025,10/30/2024,88%
1991,285,2,3,November,2025,11/30/2024,79%
1992,285,1,4,January,2025,1/30/2025,79%
1993,285,4,5,February,2025,2/28/2025,80%
1994,285,4,6,March,2025,3/30/2025,75%
1995,285,1,7,April,2025,4/30/2025,85%
1996,286,9,1,September,2025,9/30/2024,87%
1997,286,8,2,October,2025,10/30/2024,85%
1998,286,4,3,November,2025,11/30/2024,76%
1999,286,4,4,January,2025,1/30/2025,91%
2000,286,5,5,February,2025,2/28/2025,93%
2001,286,5,6,March,2025,3/30/2025,78%
2002,286,4,7,April,2025,4/30/2025,82%
2003,287,2,1,September,2025,9/30/2024,93%
2004,287,2,2,October,2025,10/30/2024,93%
2005,287,7,3,November,2025,11/30/2024,77%
2006,287,4,4,January,2025,1/30/2025,93%
2007,287,5,5,February,2025,2/28/2025,77%
2008,287,4,6,March,2025,3/30/2025,94%
2009,287,9,7,April,2025,4/30/2025,75%
2010,288,9,1,September,2025,9/30/2024,88%
2011,288,9,2,October,2025,10/30/2024,75%
2012,288,3,3,November,2025,11/30/2024,75%
2013,288,5,4,January,2025,1/30/2025,83%
2014,288,8,5,February,2025,2/28/2025,87%
2015,288,2,6,March,2025,3/30/2025,75%
2016,288,7,7,April,2025,4/30/2025,93%
2017,289,7,1,September,2025,9/30/2024,78%
2018,289,4,2,October,2025,10/30/2024,76%
2019,289,2,3,November,2025,11/30/2024,79%
2020,289,3,4,January,2025,1/30/2025,87%
2021,289,8,5,February,2025,2/28/2025,80%
2022,289,3,6,March,2025,3/30/2025,78%
2023,289,7,7,April,2025,4/30/2025,78%
2024,290,2,1,September,2025,9/30/2024,76%
2025,290,9,2,October,2025,10/30/2024,92%
2026,290,1,3,November,2025,11/30/2024,94%
2027,290,4,4,January,2025,1/30/2025,91%
2028,290,8,5,February,2025,2/28/2025,95%
2029,290,2,6,March,2025,3/30/2025,92%
2030,290,1,7,April,2025,4/30/2025,83%
2031,291,7,1,September,2025,9/30/2024,80%
2032,291,3,2,October,2025,10/30/2024,77%
2033,291,7,3,November,2025,11/30/2024,81%
2034,291,5,4,January,2025,1/30/2025,81%
2035,291,5,5,February,2025,2/28/2025,88%
2036,291,9,6,March,2025,3/30/2025,87%
2037,291,1,7,April,2025,4/30/2025,76%
2038,292,3,1,September,2025,9/30/2024,76%
2039,292,9,2,October,2025,10/30/2024,87%
2040,292,2,3,November,2025,11/30/2024,93%
2041,292,9,4,January,2025,1/30/2025,88%
2042,292,9,5,February,2025,2/28/2025,77%
2043,292,3,6,March,2025,3/30/2025,77%
2044,292,3,7,April,2025,4/30/2025,89%
2045,293,9,1,September,2025,9/30/2024,92%
2046,293,9,2,October,2025,10/30/2024,81%
2047,293,6,3,November,2025,11/30/2024,93%
2048,293,3,4,January,2025,1/30/2025,81%
2049,293,2,5,February,2025,2/28/2025,91%
2050,293,7,6,March,2025,3/30/2025,93%
2051,293,7,7,April,2025,4/30/2025,88%
2052,294,5,1,September,2025,9/30/2024,75%
2053,294,2,2,October,2025,10/30/2024,75%
2054,294,9,3,November,2025,11/30/2024,92%
2055,294,7,4,January,2025,1/30/2025,79%
2056,294,7,5,February,2025,2/28/2025,87%
2057,294,9,6,March,2025,3/30/2025,85%
2058,294,8,7,April,2025,4/30/2025,86%
2059,295,8,1,September,2025,9/30/2024,80%
2060,295,5,2,October,2025,10/30/2024,93%
2061,295,6,3,November,2025,11/30/2024,80%
2062,295,9,4,January,2025,1/30/2025,95%
2063,295,4,5,February,2025,2/28/2025,75%
2064,295,2,6,March,2025,3/30/2025,75%
2065,295,6,7,April,2025,4/30/2025,79%
2066,296,8,1,September,2025,9/30/2024,80%
2067,296,5,2,October,2025,10/30/2024,87%
2068,296,6,3,November,2025,11/30/2024,86%
2069,296,4,4,January,2025,1/30/2025,94%
2070,296,1,5,February,2025,2/28/2025,95%
2071,296,3,6,March,2025,3/30/2025,76%
2072,296,2,7,April,2025,4/30/2025,83%
2073,297,6,1,September,2025,9/30/2024,93%
2074,297,6,2,October,2025,10/30/2024,82%
2075,297,1,3,November,2025,11/30/2024,91%
2076,297,1,4,January,2025,1/30/2025,92%
2077,297,1,5,February,2025,2/28/2025,94%
2078,297,4,6,March,2025,3/30/2025,83%
2079,297,4,7,April,2025,4/30/2025,86%
2080,298,5,1,September,2025,9/30/2024,94%
2081,298,3,2,October,2025,10/30/2024,82%
2082,298,9,3,November,2025,11/30/2024,82%
2083,298,4,4,January,2025,1/30/2025,79%
2084,298,4,5,February,2025,2/28/2025,83%
2085,298,1,6,March,2025,3/30/2025,81%
2086,298,7,7,April,2025,4/30/2025,85%
2087,299,4,1,September,2025,9/30/2024,88%
2088,299,9,2,October,2025,10/30/2024,93%
2089,299,6,3,November,2025,11/30/2024,79%
2090,299,6,4,January,2025,1/30/2025,94%
2091,299,8,5,February,2025,2/28/2025,92%
2092,299,8,6,March,2025,3/30/2025,75%
2093,299,1,7,April,2025,4/30/2025,94%
2094,300,7,1,September,2025,9/30/2024,89%
2095,300,8,2,October,2025,10/30/2024,95%
2096,300,8,3,November,2025,11/30/2024,89%
2097,300,6,4,January,2025,1/30/2025,92%
2098,300,4,5,February,2025,2/28/2025,85%
2099,300,2,6,March,2025,3/30/2025,95%
2100,300,8,7,April,2025,4/30/2025,85%
2101,301,4,1,September,2025,9/30/2024,89%
2102,301,2,2,October,2025,10/30/2024,84%
2103,301,6,3,November,2025,11/30/2024,89%
2104,301,2,4,January,2025,1/30/2025,76%
2105,301,5,5,February,2025,2/28/2025,84%
2106,301,1,6,March,2025,3/30/2025,93%
2107,301,9,7,April,2025,4/30/2025,94%
2108,302,5,1,September,2025,9/30/2024,82%
2109,302,5,2,October,2025,10/30/2024,75%
2110,302,1,3,November,2025,11/30/2024,90%
2111,302,3,4,January,2025,1/30/2025,90%
2112,302,3,5,February,2025,2/28/2025,93%
2113,302,5,6,March,2025,3/30/2025,95%
2114,302,7,7,April,2025,4/30/2025,93%
2115,303,6,1,September,2025,9/30/2024,89%
2116,303,4,2,October,2025,10/30/2024,92%
2117,303,3,3,November,2025,11/30/2024,79%
2118,303,3,4,January,2025,1/30/2025,78%
2119,303,7,5,February,2025,2/28/2025,94%
2120,303,8,6,March,2025,3/30/2025,75%
2121,303,6,7,April,2025,4/30/2025,89%
2122,304,7,1,September,2025,9/30/2024,88%
2123,304,5,2,October,2025,10/30/2024,88%
2124,304,7,3,November,2025,11/30/2024,85%
2125,304,3,4,January,2025,1/30/2025,75%
2126,304,4,5,February,2025,2/28/2025,77%
2127,304,2,6,March,2025,3/30/2025,82%
2128,304,5,7,April,2025,4/30/2025,84%
2129,305,6,1,September,2025,9/30/2024,95%
2130,305,2,2,October,2025,10/30/2024,77%
2131,305,1,3,November,2025,11/30/2024,82%
2132,305,2,4,January,2025,1/30/2025,83%
2133,305,7,5,February,2025,2/28/2025,92%
2134,305,8,6,March,2025,3/30/2025,76%
2135,305,7,7,April,2025,4/30/2025,95%
2136,306,3,1,September,2025,9/30/2024,80%
2137,306,4,2,October,2025,10/30/2024,94%
2138,306,8,3,November,2025,11/30/2024,87%
2139,306,1,4,January,2025,1/30/2025,89%
2140,306,1,5,February,2025,2/28/2025,89%
2141,306,1,6,March,2025,3/30/2025,89%
2142,306,5,7,April,2025,4/30/2025,92%
2143,307,5,1,September,2025,9/30/2024,95%
2144,307,2,2,October,2025,10/30/2024,79%
2145,307,7,3,November,2025,11/30/2024,79%
2146,307,9,4,January,2025,1/30/2025,80%
2147,307,4,5,February,2025,2/28/2025,93%
2148,307,5,6,March,2025,3/30/2025,83%
2149,307,1,7,April,2025,4/30/2025,92%
2150,308,7,1,September,2025,9/30/2024,76%
2151,308,8,2,October,2025,10/30/2024,81%
2152,308,7,3,November,2025,11/30/2024,89%
2153,308,7,4,January,2025,1/30/2025,81%
2154,308,9,5,February,2025,2/28/2025,80%
2155,308,1,6,March,2025,3/30/2025,79%
2156,308,8,7,April,2025,4/30/2025,78%
2157,309,9,1,September,2025,9/30/2024,80%
2158,309,1,2,October,2025,10/30/2024,77%
2159,309,6,3,November,2025,11/30/2024,87%
2160,309,7,4,January,2025,1/30/2025,91%
2161,309,6,5,February,2025,2/28/2025,76%
2162,309,3,6,March,2025,3/30/2025,80%
2163,309,6,7,April,2025,4/30/2025,93%
2164,310,4,1,September,2025,9/30/2024,94%
2165,310,4,2,October,2025,10/30/2024,80%
2166,310,6,3,November,2025,11/30/2024,88%
2167,310,7,4,January,2025,1/30/2025,75%
2168,310,5,5,February,2025,2/28/2025,90%
2169,310,8,6,March,2025,3/30/2025,90%
2170,310,6,7,April,2025,4/30/2025,84%
2171,311,3,1,September,2025,9/30/2024,95%
2172,311,1,2,October,2025,10/30/2024,76%
2173,311,7,3,November,2025,11/30/2024,78%
2174,311,7,4,January,2025,1/30/2025,84%
2175,311,7,5,February,2025,2/28/2025,84%
2176,311,5,6,March,2025,3/30/2025,90%
2177,311,7,7,April,2025,4/30/2025,90%
2178,312,1,1,September,2025,9/30/2024,77%
2179,312,8,2,October,2025,10/30/2024,91%
2180,312,5,3,November,2025,11/30/2024,80%
2181,312,5,4,January,2025,1/30/2025,77%
2182,312,9,5,February,2025,2/28/2025,93%
2183,312,9,6,March,2025,3/30/2025,85%
2184,312,6,7,April,2025,4/30/2025,90%
2185,313,3,1,September,2025,9/30/2024,89%
2186,313,6,2,October,2025,10/30/2024,92%
2187,313,7,3,November,2025,11/30/2024,82%
2188,313,5,4,January,2025,1/30/2025,81%
2189,313,3,5,February,2025,2/28/2025,86%
2190,313,8,6,March,2025,3/30/2025,88%
2191,313,1,7,April,2025,4/30/2025,77%
2192,314,9,1,September,2025,9/30/2024,92%
2193,314,9,2,October,2025,10/30/2024,80%
2194,314,5,3,November,2025,11/30/2024,90%
2195,314,7,4,January,2025,1/30/2025,82%
2196,314,3,5,February,2025,2/28/2025,81%
2197,314,2,6,March,2025,3/30/2025,93%
2198,314,4,7,April,2025,4/30/2025,94%
2199,315,4,1,September,2025,9/30/2024,89%
2200,315,7,2,October,2025,10/30/2024,83%
2201,315,2,3,November,2025,11/30/2024,81%
2202,315,7,4,January,2025,1/30/2025,81%
2203,315,8,5,February,2025,2/28/2025,77%
2204,315,1,6,March,2025,3/30/2025,86%
2205,315,5,7,April,2025,4/30/2025,82%
2206,316,3,1,September,2025,9/30/2024,89%
2207,316,9,2,October,2025,10/30/2024,88%
2208,316,3,3,November,2025,11/30/2024,82%
2209,316,2,4,January,2025,1/30/2025,92%
2210,316,5,5,February,2025,2/28/2025,78%
2211,316,2,6,March,2025,3/30/2025,90%
2212,316,9,7,April,2025,4/30/2025,93%
2213,317,2,1,September,2025,9/30/2024,86%
2214,317,5,2,October,2025,10/30/2024,92%
2215,317,8,3,November,2025,11/30/2024,90%
2216,317,8,4,January,2025,1/30/2025,85%
2217,317,5,5,February,2025,2/28/2025,81%
2218,317,3,6,March,2025,3/30/2025,81%
2219,317,9,7,April,2025,4/30/2025,90%
2220,318,7,1,September,2025,9/30/2024,84%
2221,318,7,2,October,2025,10/30/2024,93%
2222,318,7,3,November,2025,11/30/2024,76%
2223,318,2,4,January,2025,1/30/2025,76%
2224,318,7,5,February,2025,2/28/2025,89%
2225,318,6,6,March,2025,3/30/2025,85%
2226,318,4,7,April,2025,4/30/2025,88%
2227,319,1,1,September,2025,9/30/2024,82%
2228,319,7,2,October,2025,10/30/2024,94%
2229,319,9,3,November,2025,11/30/2024,94%
2230,319,5,4,January,2025,1/30/2025,83%
2231,319,9,5,February,2025,2/28/2025,78%
2232,319,7,6,March,2025,3/30/2025,87%
2233,319,3,7,April,2025,4/30/2025,78%
2234,320,1,1,September,2025,9/30/2024,77%
2235,320,8,2,October,2025,10/30/2024,75%
2236,320,3,3,November,2025,11/30/2024,87%
2237,320,6,4,January,2025,1/30/2025,83%
2238,320,5,5,February,2025,2/28/2025,92%
2239,320,7,6,March,2025,3/30/2025,77%
2240,320,4,7,April,2025,4/30/2025,84%
2241,321,3,1,September,2025,9/30/2024,81%
2242,321,5,2,October,2025,10/30/2024,85%
2243,321,7,3,November,2025,11/30/2024,76%
2244,321,1,4,January,2025,1/30/2025,81%
2245,321,2,5,February,2025,2/28/2025,87%
2246,321,7,6,March,2025,3/30/2025,89%
2247,321,3,7,April,2025,4/30/2025,87%
2248,322,5,1,September,2025,9/30/2024,93%
2249,322,2,2,October,2025,10/30/2024,85%
2250,322,6,3,November,2025,11/30/2024,78%
2251,322,7,4,January,2025,1/30/2025,87%
2252,322,5,5,February,2025,2/28/2025,80%
2253,322,6,6,March,2025,3/30/2025,82%
2254,322,8,7,April,2025,4/30/2025,94%
2255,323,3,1,September,2025,9/30/2024,89%
2256,323,7,2,October,2025,10/30/2024,78%
2257,323,5,3,November,2025,11/30/2024,93%
2258,323,8,4,January,2025,1/30/2025,85%
2259,323,9,5,February,2025,2/28/2025,87%
2260,323,2,6,March,2025,3/30/2025,93%
2261,323,2,7,April,2025,4/30/2025,90%
2262,324,6,1,September,2025,9/30/2024,95%
2263,324,8,2,October,2025,10/30/2024,79%
2264,324,7,3,November,2025,11/30/2024,77%
2265,324,1,4,January,2025,1/30/2025,92%
2266,324,6,5,February,2025,2/28/2025,80%
2267,324,7,6,March,2025,3/30/2025,84%
2268,324,9,7,April,2025,4/30/2025,93%
2269,325,8,1,September,2025,9/30/2024,80%
2270,325,7,2,October,2025,10/30/2024,94%
2271,325,8,3,November,2025,11/30/2024,94%
2272,325,1,4,January,2025,1/30/2025,93%
2273,325,8,5,February,2025,2/28/2025,79%
2274,325,2,6,March,2025,3/30/2025,85%
2275,325,7,7,April,2025,4/30/2025,95%
2276,326,4,1,September,2025,9/30/2024,95%
2277,326,4,2,October,2025,10/30/2024,84%
2278,326,3,3,November,2025,11/30/2024,81%
2279,326,6,4,January,2025,1/30/2025,80%
2280,326,2,5,February,2025,2/28/2025,93%
2281,326,7,6,March,2025,3/30/2025,85%
2282,326,1,7,April,2025,4/30/2025,86%
2283,327,6,1,September,2025,9/30/2024,93%
2284,327,5,2,October,2025,10/30/2024,82%
2285,327,6,3,November,2025,11/30/2024,89%
2286,327,5,4,January,2025,1/30/2025,83%
2287,327,2,5,February,2025,2/28/2025,94%
2288,327,2,6,March,2025,3/30/2025,91%
2289,327,4,7,April,2025,4/30/2025,84%
2290,328,2,1,September,2025,9/30/2024,81%
2291,328,3,2,October,2025,10/30/2024,94%
2292,328,3,3,November,2025,11/30/2024,79%
2293,328,6,4,January,2025,1/30/2025,93%
2294,328,4,5,February,2025,2/28/2025,84%
2295,328,4,6,March,2025,3/30/2025,77%
2296,328,7,7,April,2025,4/30/2025,82%
2297,329,7,1,September,2025,9/30/2024,79%
2298,329,6,2,October,2025,10/30/2024,81%
2299,329,2,3,November,2025,11/30/2024,81%
2300,329,1,4,January,2025,1/30/2025,82%
2301,329,6,5,February,2025,2/28/2025,93%
2302,329,4,6,March,2025,3/30/2025,90%
2303,329,3,7,April,2025,4/30/2025,76%
2304,330,5,1,September,2025,9/30/2024,94%
2305,330,9,2,October,2025,10/30/2024,85%
2306,330,6,3,November,2025,11/30/2024,79%
2307,330,5,4,January,2025,1/30/2025,92%
2308,330,2,5,February,2025,2/28/2025,83%
2309,330,6,6,March,2025,3/30/2025,90%
2310,330,8,7,April,2025,4/30/2025,93%
2311,331,6,1,September,2025,9/30/2024,77%
2312,331,4,2,October,2025,10/30/2024,84%
2313,331,9,3,November,2025,11/30/2024,91%
2314,331,3,4,January,2025,1/30/2025,94%
2315,331,1,5,February,2025,2/28/2025,79%
2316,331,4,6,March,2025,3/30/2025,76%
2317,331,2,7,April,2025,4/30/2025,90%
2318,332,8,1,September,2025,9/30/2024,84%
2319,332,1,2,October,2025,10/30/2024,83%
2320,332,4,3,November,2025,11/30/2024,77%
2321,332,5,4,January,2025,1/30/2025,75%
2322,332,9,5,February,2025,2/28/2025,84%
2323,332,9,6,March,2025,3/30/2025,91%
2324,332,6,7,April,2025,4/30/2025,76%
2325,333,5,1,September,2025,9/30/2024,76%
2326,333,4,2,October,2025,10/30/2024,89%
2327,333,7,3,November,2025,11/30/2024,87%
2328,333,6,4,January,2025,1/30/2025,94%
2329,333,9,5,February,2025,2/28/2025,95%
2330,333,9,6,March,2025,3/30/2025,88%
2331,333,2,7,April,2025,4/30/2025,87%
2332,334,1,1,September,2025,9/30/2024,92%
2333,334,6,2,October,2025,10/30/2024,87%
2334,334,6,3,November,2025,11/30/2024,87%
2335,334,6,4,January,2025,1/30/2025,82%
2336,334,8,5,February,2025,2/28/2025,92%
2337,334,1,6,March,2025,3/30/2025,81%
2338,334,6,7,April,2025,4/30/2025,85%
2339,335,6,1,September,2025,9/30/2024,93%
2340,335,5,2,October,2025,10/30/2024,84%
2341,335,7,3,November,2025,11/30/2024,82%
2342,335,3,4,January,2025,1/30/2025,84%
2343,335,8,5,February,2025,2/28/2025,88%
2344,335,6,6,March,2025,3/30/2025,80%
2345,335,8,7,April,2025,4/30/2025,89%
2346,336,8,1,September,2025,9/30/2024,75%
2347,336,5,2,October,2025,10/30/2024,77%
2348,336,2,3,November,2025,11/30/2024,76%
2349,336,8,4,January,2025,1/30/2025,84%
2350,336,5,5,February,2025,2/28/2025,75%
2351,336,8,6,March,2025,3/30/2025,82%
2352,336,3,7,April,2025,4/30/2025,92%
2353,337,5,1,September,2025,9/30/2024,87%
2354,337,7,2,October,2025,10/30/2024,83%
2355,337,7,3,November,2025,11/30/2024,90%
2356,337,6,4,January,2025,1/30/2025,92%
2357,337,6,5,February,2025,2/28/2025,91%
2358,337,8,6,March,2025,3/30/2025,90%
2359,337,9,7,April,2025,4/30/2025,86%
2360,338,2,1,September,2025,9/30/2024,90%
2361,338,2,2,October,2025,10/30/2024,79%
2362,338,2,3,November,2025,11/30/2024,75%
2363,338,3,4,January,2025,1/30/2025,92%
2364,338,4,5,February,2025,2/28/2025,83%
2365,338,7,6,March,2025,3/30/2025,94%
2366,338,7,7,April,2025,4/30/2025,89%
2367,339,3,1,September,2025,9/30/2024,95%
2368,339,9,2,October,2025,10/30/2024,80%
2369,339,9,3,November,2025,11/30/2024,77%
2370,339,3,4,January,2025,1/30/2025,88%
2371,339,7,5,February,2025,2/28/2025,87%
2372,339,7,6,March,2025,3/30/2025,80%
2373,339,1,7,April,2025,4/30/2025,89%
2374,340,7,1,September,2025,9/30/2024,90%
2375,340,6,2,October,2025,10/30/2024,91%
2376,340,9,3,November,2025,11/30/2024,80%
2377,340,9,4,January,2025,1/30/2025,75%
2378,340,9,5,February,2025,2/28/2025,75%
2379,340,2,6,March,2025,3/30/2025,81%
2380,340,7,7,April,2025,4/30/2025,78%
2381,341,5,1,September,2025,9/30/2024,77%
2382,341,1,2,October,2025,10/30/2024,92%
2383,341,3,3,November,2025,11/30/2024,77%
2384,341,4,4,January,2025,1/30/2025,76%
2385,341,2,5,February,2025,2/28/2025,92%
2386,341,4,6,March,2025,3/30/2025,82%
2387,341,4,7,April,2025,4/30/2025,91%
2388,342,9,1,September,2025,9/30/2024,84%
2389,342,8,2,October,2025,10/30/2024,83%
2390,342,8,3,November,2025,11/30/2024,86%
2391,342,1,4,January,2025,1/30/2025,94%
2392,342,8,5,February,2025,2/28/2025,89%
2393,342,5,6,March,2025,3/30/2025,76%
2394,342,8,7,April,2025,4/30/2025,78%
2395,343,4,1,September,2025,9/30/2024,93%
2396,343,6,2,October,2025,10/30/2024,92%
2397,343,7,3,November,2025,11/30/2024,89%
2398,343,1,4,January,2025,1/30/2025,94%
2399,343,4,5,February,2025,2/28/2025,86%
2400,343,2,6,March,2025,3/30/2025,79%
2401,343,6,7,April,2025,4/30/2025,83%
2402,344,4,1,September,2025,9/30/2024,80%
2403,344,2,2,October,2025,10/30/2024,95%
2404,344,9,3,November,2025,11/30/2024,81%
2405,344,1,4,January,2025,1/30/2025,90%
2406,344,2,5,February,2025,2/28/2025,92%
2407,344,5,6,March,2025,3/30/2025,94%
2408,344,9,7,April,2025,4/30/2025,88%
2409,345,9,1,September,2025,9/30/2024,81%
2410,345,9,2,October,2025,10/30/2024,78%
2411,345,2,3,November,2025,11/30/2024,81%
2412,345,9,4,January,2025,1/30/2025,78%
2413,345,1,5,February,2025,2/28/2025,78%
2414,345,9,6,March,2025,3/30/2025,94%
2415,345,4,7,April,2025,4/30/2025,80%
2416,346,1,1,September,2025,9/30/2024,95%
2417,346,3,2,October,2025,10/30/2024,83%
2418,346,6,3,November,2025,11/30/2024,85%
2419,346,3,4,January,2025,1/30/2025,78%
2420,346,2,5,February,2025,2/28/2025,86%
2421,346,3,6,March,2025,3/30/2025,92%
2422,346,6,7,April,2025,4/30/2025,85%
2423,347,4,1,September,2025,9/30/2024,81%
2424,347,7,2,October,2025,10/30/2024,89%
2425,347,7,3,November,2025,11/30/2024,90%
2426,347,8,4,January,2025,1/30/2025,95%
2427,347,7,5,February,2025,2/28/2025,78%
2428,347,4,6,March,2025,3/30/2025,91%
2429,347,3,7,April,2025,4/30/2025,86%
2430,348,7,1,September,2025,9/30/2024,92%
2431,348,5,2,October,2025,10/30/2024,85%
2432,348,9,3,November,2025,11/30/2024,95%
2433,348,6,4,January,2025,1/30/2025,75%
2434,348,6,5,February,2025,2/28/2025,90%
2435,348,3,6,March,2025,3/30/2025,93%
2436,348,5,7,April,2025,4/30/2025,75%
2437,349,8,1,September,2025,9/30/2024,83%
2438,349,6,2,October,2025,10/30/2024,78%
2439,349,1,3,November,2025,11/30/2024,83%
2440,349,9,4,January,2025,1/30/2025,80%
2441,349,9,5,February,2025,2/28/2025,95%
2442,349,1,6,March,2025,3/30/2025,94%
2443,349,6,7,April,2025,4/30/2025,89%
2444,350,3,1,September,2025,9/30/2024,84%
2445,350,5,2,October,2025,10/30/2024,81%
2446,350,4,3,November,2025,11/30/2024,88%
2447,350,2,4,January,2025,1/30/2025,79%
2448,350,9,5,February,2025,2/28/2025,78%
2449,350,9,6,March,2025,3/30/2025,88%
2450,350,4,7,April,2025,4/30/2025,88%
2451,351,2,1,September,2025,9/30/2024,86%
2452,351,2,2,October,2025,10/30/2024,89%
2453,351,2,3,November,2025,11/30/2024,75%
2454,351,6,4,January,2025,1/30/2025,89%
2455,351,4,5,February,2025,2/28/2025,90%
2456,351,7,6,March,2025,3/30/2025,87%
2457,351,4,7,April,2025,4/30/2025,83%
2458,352,8,1,September,2025,9/30/2024,90%
2459,352,8,2,October,2025,10/30/2024,95%
2460,352,1,3,November,2025,11/30/2024,90%
2461,352,2,4,January,2025,1/30/2025,77%
2462,352,6,5,February,2025,2/28/2025,78%
2463,352,1,6,March,2025,3/30/2025,88%
2464,352,8,7,April,2025,4/30/2025,86%
2465,353,1,1,September,2025,9/30/2024,94%
2466,353,4,2,October,2025,10/30/2024,81%
2467,353,9,3,November,2025,11/30/2024,88%
2468,353,7,4,January,2025,1/30/2025,75%
2469,353,5,5,February,2025,2/28/2025,75%
2470,353,2,6,March,2025,3/30/2025,94%
2471,353,7,7,April,2025,4/30/2025,86%
2472,354,5,1,September,2025,9/30/2024,88%
2473,354,5,2,October,2025,10/30/2024,86%
2474,354,7,3,November,2025,11/30/2024,85%
2475,354,2,4,January,2025,1/30/2025,82%
2476,354,6,5,February,2025,2/28/2025,91%
2477,354,4,6,March,2025,3/30/2025,76%
2478,354,3,7,April,2025,4/30/2025,87%
2479,355,1,1,September,2025,9/30/2024,88%
2480,355,6,2,October,2025,10/30/2024,81%
2481,355,1,3,November,2025,11/30/2024,89%
2482,355,5,4,January,2025,1/30/2025,79%
2483,355,6,5,February,2025,2/28/2025,78%
2484,355,3,6,March,2025,3/30/2025,92%
2485,355,2,7,April,2025,4/30/2025,90%
2486,356,5,1,September,2025,9/30/2024,89%
2487,356,9,2,October,2025,10/30/2024,77%
2488,356,5,3,November,2025,11/30/2024,87%
2489,356,2,4,January,2025,1/30/2025,93%
2490,356,9,5,February,2025,2/28/2025,85%
2491,356,1,6,March,2025,3/30/2025,76%
2492,356,2,7,April,2025,4/30/2025,80%
2493,357,3,1,September,2025,9/30/2024,91%
2494,357,9,2,October,2025,10/30/2024,83%
2495,357,5,3,November,2025,11/30/2024,95%
2496,357,3,4,January,2025,1/30/2025,81%
2497,357,4,5,February,2025,2/28/2025,87%
2498,357,7,6,March,2025,3/30/2025,76%
2499,357,2,7,April,2025,4/30/2025,88%
2500,358,1,1,September,2025,9/30/2024,76%
2501,358,1,2,October,2025,10/30/2024,93%
2502,358,9,3,November,2025,11/30/2024,83%
2503,358,7,4,January,2025,1/30/2025,86%
2504,358,7,5,February,2025,2/28/2025,82%
2505,358,4,6,March,2025,3/30/2025,94%
2506,358,6,7,April,2025,4/30/2025,82%
2507,359,2,1,September,2025,9/30/2024,86%
2508,359,7,2,October,2025,10/30/2024,90%
2509,359,1,3,November,2025,11/30/2024,86%
2510,359,2,4,January,2025,1/30/2025,83%
2511,359,1,5,February,2025,2/28/2025,83%
2512,359,9,6,March,2025,3/30/2025,89%
2513,359,8,7,April,2025,4/30/2025,76%
2514,360,8,1,September,2025,9/30/2024,76%
2515,360,7,2,October,2025,10/30/2024,89%
2516,360,6,3,November,2025,11/30/2024,93%
2517,360,1,4,January,2025,1/30/2025,95%
2518,360,7,5,February,2025,2/28/2025,88%
2519,360,4,6,March,2025,3/30/2025,75%
2520,360,2,7,April,2025,4/30/2025,90%
2521,361,1,1,September,2025,9/30/2024,76%
2522,361,4,2,October,2025,10/30/2024,86%
2523,361,3,3,November,2025,11/30/2024,80%
2524,361,3,4,January,2025,1/30/2025,77%
2525,361,3,5,February,2025,2/28/2025,81%
2526,361,7,6,March,2025,3/30/2025,92%
2527,361,7,7,April,2025,4/30/2025,93%
2528,362,4,1,September,2025,9/30/2024,77%
2529,362,3,2,October,2025,10/30/2024,75%
2530,362,9,3,November,2025,11/30/2024,75%
2531,362,8,4,January,2025,1/30/2025,79%
2532,362,1,5,February,2025,2/28/2025,79%
2533,362,9,6,March,2025,3/30/2025,91%
2534,362,8,7,April,2025,4/30/2025,82%
2535,363,3,1,September,2025,9/30/2024,86%
2536,363,5,2,October,2025,10/30/2024,88%
2537,363,5,3,November,2025,11/30/2024,88%
2538,363,2,4,January,2025,1/30/2025,86%
2539,363,2,5,February,2025,2/28/2025,78%
2540,363,3,6,March,2025,3/30/2025,78%
2541,363,5,7,April,2025,4/30/2025,87%
2542,364,3,1,September,2025,9/30/2024,85%
2543,364,2,2,October,2025,10/30/2024,87%
2544,364,3,3,November,2025,11/30/2024,80%
2545,364,5,4,January,2025,1/30/2025,91%
2546,364,7,5,February,2025,2/28/2025,83%
2547,364,1,6,March,2025,3/30/2025,75%
2548,364,1,7,April,2025,4/30/2025,81%
2549,365,2,1,September,2025,9/30/2024,88%
2550,365,8,2,October,2025,10/30/2024,84%
2551,365,8,3,November,2025,11/30/2024,86%
2552,365,3,4,January,2025,1/30/2025,82%
2553,365,1,5,February,2025,2/28/2025,95%
2554,365,5,6,March,2025,3/30/2025,95%
2555,365,2,7,April,2025,4/30/2025,88%
2556,366,5,1,September,2025,9/30/2024,89%
2557,366,1,2,October,2025,10/30/2024,84%
2558,366,5,3,November,2025,11/30/2024,82%
2559,366,4,4,January,2025,1/30/2025,81%
2560,366,2,5,February,2025,2/28/2025,85%
2561,366,8,6,March,2025,3/30/2025,77%
2562,366,8,7,April,2025,4/30/2025,88%
2563,367,4,1,September,2025,9/30/2024,95%
2564,367,2,2,October,2025,10/30/2024,76%
2565,367,9,3,November,2025,11/30/2024,91%
2566,367,2,4,January,2025,1/30/2025,77%
2567,367,6,5,February,2025,2/28/2025,88%
2568,367,6,6,March,2025,3/30/2025,87%
2569,367,5,7,April,2025,4/30/2025,92%
2570,368,5,1,September,2025,9/30/2024,87%
2571,368,2,2,October,2025,10/30/2024,78%
2572,368,4,3,November,2025,11/30/2024,75%
2573,368,5,4,January,2025,1/30/2025,79%
2574,368,1,5,February,2025,2/28/2025,95%
2575,368,8,6,March,2025,3/30/2025,80%
2576,368,6,7,April,2025,4/30/2025,93%
2577,369,7,1,September,2025,9/30/2024,75%
2578,369,2,2,October,2025,10/30/2024,94%
2579,369,4,3,November,2025,11/30/2024,84%
2580,369,9,4,January,2025,1/30/2025,93%
2581,369,5,5,February,2025,2/28/2025,77%
2582,369,2,6,March,2025,3/30/2025,77%
2583,369,8,7,April,2025,4/30/2025,82%
2584,370,6,1,September,2025,9/30/2024,92%
2585,370,7,2,October,2025,10/30/2024,94%
2586,370,1,3,November,2025,11/30/2024,93%
2587,370,5,4,January,2025,1/30/2025,90%
2588,370,5,5,February,2025,2/28/2025,79%
2589,370,1,6,March,2025,3/30/2025,76%
2590,370,5,7,April,2025,4/30/2025,84%
2591,371,3,1,September,2025,9/30/2024,78%
2592,371,7,2,October,2025,10/30/2024,79%
2593,371,3,3,November,2025,11/30/2024,80%
2594,371,6,4,January,2025,1/30/2025,90%
2595,371,6,5,February,2025,2/28/2025,88%
2596,371,3,6,March,2025,3/30/2025,86%
2597,371,9,7,April,2025,4/30/2025,79%
2598,372,8,1,September,2025,9/30/2024,81%
2599,372,8,2,October,2025,10/30/2024,93%
2600,372,9,3,November,2025,11/30/2024,86%
2601,372,5,4,January,2025,1/30/2025,93%
2602,372,9,5,February,2025,2/28/2025,94%
2603,372,4,6,March,2025,3/30/2025,86%
2604,372,3,7,April,2025,4/30/2025,87%
2605,373,9,1,September,2025,9/30/2024,82%
2606,373,3,2,October,2025,10/30/2024,81%
2607,373,4,3,November,2025,11/30/2024,87%
2608,373,6,4,January,2025,1/30/2025,88%
2609,373,3,5,February,2025,2/28/2025,89%
2610,373,3,6,March,2025,3/30/2025,83%
2611,373,3,7,April,2025,4/30/2025,78%
2612,374,2,1,September,2025,9/30/2024,78%
2613,374,8,2,October,2025,10/30/2024,83%
2614,374,6,3,November,2025,11/30/2024,87%
2615,374,6,4,January,2025,1/30/2025,85%
2616,374,3,5,February,2025,2/28/2025,84%
2617,374,4,6,March,2025,3/30/2025,88%
2618,374,3,7,April,2025,4/30/2025,90%
2619,375,1,1,September,2025,9/30/2024,91%
2620,375,8,2,October,2025,10/30/2024,81%
2621,375,4,3,November,2025,11/30/2024,84%
2622,375,1,4,January,2025,1/30/2025,75%
2623,375,4,5,February,2025,2/28/2025,83%
2624,375,2,6,March,2025,3/30/2025,84%
2625,375,5,7,April,2025,4/30/2025,93%
2626,376,2,1,September,2025,9/30/2024,95%
2627,376,1,2,October,2025,10/30/2024,92%
2628,376,7,3,November,2025,11/30/2024,90%
2629,376,8,4,January,2025,1/30/2025,77%
2630,376,5,5,February,2025,2/28/2025,87%
2631,376,4,6,March,2025,3/30/2025,89%
2632,376,1,7,April,2025,4/30/2025,89%
2633,377,1,1,September,2025,9/30/2024,82%
2634,377,3,2,October,2025,10/30/2024,92%
2635,377,3,3,November,2025,11/30/2024,75%
2636,377,7,4,January,2025,1/30/2025,78%
2637,377,9,5,February,2025,2/28/2025,90%
2638,377,6,6,March,2025,3/30/2025,82%
2639,377,7,7,April,2025,4/30/2025,91%
2640,378,7,1,September,2025,9/30/2024,85%
2641,378,5,2,October,2025,10/30/2024,77%
2642,378,9,3,November,2025,11/30/2024,77%
2643,378,7,4,January,2025,1/30/2025,85%
2644,378,7,5,February,2025,2/28/2025,91%
2645,378,3,6,March,2025,3/30/2025,94%
2646,378,5,7,April,2025,4/30/2025,80%
2647,379,1,1,September,2025,9/30/2024,83%
2648,379,9,2,October,2025,10/30/2024,76%
2649,379,9,3,November,2025,11/30/2024,78%
2650,379,5,4,January,2025,1/30/2025,75%
2651,379,2,5,February,2025,2/28/2025,86%
2652,379,9,6,March,2025,3/30/2025,94%
2653,379,8,7,April,2025,4/30/2025,95%
2654,380,8,1,September,2025,9/30/2024,94%
2655,380,1,2,October,2025,10/30/2024,88%
2656,380,7,3,November,2025,11/30/2024,90%
2657,380,1,4,January,2025,1/30/2025,75%
2658,380,2,5,February,2025,2/28/2025,95%
2659,380,2,6,March,2025,3/30/2025,76%
2660,380,6,7,April,2025,4/30/2025,95%
2661,381,8,1,September,2025,9/30/2024,77%
2662,381,2,2,October,2025,10/30/2024,81%
2663,381,1,3,November,2025,11/30/2024,80%
2664,381,9,4,January,2025,1/30/2025,80%
2665,381,7,5,February,2025,2/28/2025,95%
2666,381,1,6,March,2025,3/30/2025,93%
2667,381,8,7,April,2025,4/30/2025,84%
2668,382,9,1,September,2025,9/30/2024,80%
2669,382,4,2,October,2025,10/30/2024,77%
2670,382,8,3,November,2025,11/30/2024,80%
2671,382,1,4,January,2025,1/30/2025,93%
2672,382,8,5,February,2025,2/28/2025,75%
2673,382,5,6,March,2025,3/30/2025,82%
2674,382,5,7,April,2025,4/30/2025,84%
2675,383,5,1,September,2025,9/30/2024,79%
2676,383,4,2,October,2025,10/30/2024,92%
2677,383,2,3,November,2025,11/30/2024,90%
2678,383,3,4,January,2025,1/30/2025,86%
2679,383,4,5,February,2025,2/28/2025,91%
2680,383,1,6,March,2025,3/30/2025,88%
2681,383,1,7,April,2025,4/30/2025,87%
2682,384,4,1,September,2025,9/30/2024,76%
2683,384,3,2,October,2025,10/30/2024,90%
2684,384,1,3,November,2025,11/30/2024,79%
2685,384,1,4,January,2025,1/30/2025,80%
2686,384,5,5,February,2025,2/28/2025,75%
2687,384,1,6,March,2025,3/30/2025,79%
2688,384,2,7,April,2025,4/30/2025,94%
2689,385,9,1,September,2025,9/30/2024,79%
2690,385,9,2,October,2025,10/30/2024,91%
2691,385,9,3,November,2025,11/30/2024,84%
2692,385,8,4,January,2025,1/30/2025,87%
2693,385,3,5,February,2025,2/28/2025,77%
2694,385,2,6,March,2025,3/30/2025,82%
2695,385,4,7,April,2025,4/30/2025,82%
2696,386,9,1,September,2025,9/30/2024,88%
2697,386,6,2,October,2025,10/30/2024,85%
2698,386,5,3,November,2025,11/30/2024,95%
2699,386,4,4,January,2025,1/30/2025,88%
2700,386,2,5,February,2025,2/28/2025,91%
2701,386,2,6,March,2025,3/30/2025,82%
2702,386,9,7,April,2025,4/30/2025,90%
2703,387,9,1,September,2025,9/30/2024,76%
2704,387,4,2,October,2025,10/30/2024,76%
2705,387,4,3,November,2025,11/30/2024,81%
2706,387,1,4,January,2025,1/30/2025,86%
2707,387,5,5,February,2025,2/28/2025,75%
2708,387,3,6,March,2025,3/30/2025,76%
2709,387,5,7,April,2025,4/30/2025,77%
2710,388,8,1,September,2025,9/30/2024,79%
2711,388,3,2,October,2025,10/30/2024,76%
2712,388,7,3,November,2025,11/30/2024,75%
2713,388,1,4,January,2025,1/30/2025,92%
2714,388,8,5,February,2025,2/28/2025,83%
2715,388,5,6,March,2025,3/30/2025,88%
2716,388,7,7,April,2025,4/30/2025,83%
2717,389,6,1,September,2025,9/30/2024,75%
2718,389,7,2,October,2025,10/30/2024,81%
2719,389,3,3,November,2025,11/30/2024,77%
2720,389,5,4,January,2025,1/30/2025,80%
2721,389,9,5,February,2025,2/28/2025,76%
2722,389,3,6,March,2025,3/30/2025,89%
2723,389,4,7,April,2025,4/30/2025,88%
2724,390,2,1,September,2025,9/30/2024,91%
2725,390,4,2,October,2025,10/30/2024,95%
2726,390,8,3,November,2025,11/30/2024,78%
2727,390,6,4,January,2025,1/30/2025,76%
2728,390,5,5,February,2025,2/28/2025,78%
2729,390,1,6,March,2025,3/30/2025,92%
2730,390,1,7,April,2025,4/30/2025,92%
2731,391,4,1,September,2025,9/30/2024,92%
2732,391,7,2,October,2025,10/30/2024,81%
2733,391,7,3,November,2025,11/30/2024,92%
2734,391,7,4,January,2025,1/30/2025,86%
2735,391,4,5,February,2025,2/28/2025,85%
2736,391,7,6,March,2025,3/30/2025,75%
2737,391,1,7,April,2025,4/30/2025,79%
2738,392,5,1,September,2025,9/30/2024,82%
2739,392,4,2,October,2025,10/30/2024,76%
2740,392,7,3,November,2025,11/30/2024,85%
2741,392,4,4,January,2025,1/30/2025,81%
2742,392,1,5,February,2025,2/28/2025,81%
2743,392,2,6,March,2025,3/30/2025,90%
2744,392,5,7,April,2025,4/30/2025,84%
2745,393,8,1,September,2025,9/30/2024,91%
2746,393,8,2,October,2025,10/30/2024,93%
2747,393,5,3,November,2025,11/30/2024,90%
2748,393,9,4,January,2025,1/30/2025,94%
2749,393,5,5,February,2025,2/28/2025,95%
2750,393,9,6,March,2025,3/30/2025,79%
2751,393,9,7,April,2025,4/30/2025,88%
2752,394,2,1,September,2025,9/30/2024,90%
2753,394,8,2,October,2025,10/30/2024,75%
2754,394,4,3,November,2025,11/30/2024,87%
2755,394,5,4,January,2025,1/30/2025,76%
2756,394,9,5,February,2025,2/28/2025,83%
2757,394,7,6,March,2025,3/30/2025,78%
2758,394,1,7,April,2025,4/30/2025,81%
2759,395,8,1,September,2025,9/30/2024,76%
2760,395,5,2,October,2025,10/30/2024,75%
2761,395,8,3,November,2025,11/30/2024,90%
2762,395,1,4,January,2025,1/30/2025,90%
2763,395,7,5,February,2025,2/28/2025,88%
2764,395,4,6,March,2025,3/30/2025,85%
2765,395,3,7,April,2025,4/30/2025,81%
2766,396,1,1,September,2025,9/30/2024,88%
2767,396,6,2,October,2025,10/30/2024,78%
2768,396,1,3,November,2025,11/30/2024,87%
2769,396,5,4,January,2025,1/30/2025,77%
2770,396,8,5,February,2025,2/28/2025,77%
2771,396,3,6,March,2025,3/30/2025,90%
2772,396,9,7,April,2025,4/30/2025,76%
2773,397,6,1,September,2025,9/30/2024,83%
2774,397,5,2,October,2025,10/30/2024,88%
2775,397,3,3,November,2025,11/30/2024,91%
2776,397,2,4,January,2025,1/30/2025,75%
2777,397,7,5,February,2025,2/28/2025,76%
2778,397,7,6,March,2025,3/30/2025,87%
2779,397,8,7,April,2025,4/30/2025,81%
2780,398,5,1,September,2025,9/30/2024,87%
2781,398,5,2,October,2025,10/30/2024,88%
2782,398,8,3,November,2025,11/30/2024,95%
2783,398,8,4,January,2025,1/30/2025,87%
2784,398,8,5,February,2025,2/28/2025,75%
2785,398,8,6,March,2025,3/30/2025,82%
2786,398,6,7,April,2025,4/30/2025,82%
2787,399,8,1,September,2025,9/30/2024,76%
2788,399,2,2,October,2025,10/30/2024,89%
2789,399,4,3,November,2025,11/30/2024,86%
2790,399,3,4,January,2025,1/30/2025,93%
2791,399,7,5,February,2025,2/28/2025,86%
2792,399,3,6,March,2025,3/30/2025,82%
2793,399,2,7,April,2025,4/30/2025,78%
2794,400,9,1,September,2025,9/30/2024,87%
2795,400,2,2,October,2025,10/30/2024,83%
2796,400,8,3,November,2025,11/30/2024,82%
2797,400,1,4,January,2025,1/30/2025,82%
2798,400,1,5,February,2025,2/28/2025,87%
2799,400,4,6,March,2025,3/30/2025,94%
2800,400,1,7,April,2025,4/30/2025,88%
2801,401,3,1,September,2025,9/30/2024,78%
2802,401,3,2,October,2025,10/30/2024,82%
2803,401,8,3,November,2025,11/30/2024,92%
2804,401,2,4,January,2025,1/30/2025,94%
2805,401,7,5,February,2025,2/28/2025,75%
2806,401,9,6,March,2025,3/30/2025,95%
2807,401,3,7,April,2025,4/30/2025,82%
2808,402,6,1,September,2025,9/30/2024,85%
2809,402,2,2,October,2025,10/30/2024,79%
2810,402,4,3,November,2025,11/30/2024,90%
2811,402,7,4,January,2025,1/30/2025,77%
2812,402,5,5,February,2025,2/28/2025,89%
2813,402,7,6,March,2025,3/30/2025,77%
2814,402,4,7,April,2025,4/30/2025,83%
2815,403,6,1,September,2025,9/30/2024,87%
2816,403,8,2,October,2025,10/30/2024,89%
2817,403,1,3,November,2025,11/30/2024,95%
2818,403,6,4,January,2025,1/30/2025,75%
2819,403,8,5,February,2025,2/28/2025,83%
2820,403,3,6,March,2025,3/30/2025,77%
2821,403,9,7,April,2025,4/30/2025,92%
2822,404,2,1,September,2025,9/30/2024,77%
2823,404,7,2,October,2025,10/30/2024,92%
2824,404,9,3,November,2025,11/30/2024,83%
2825,404,7,4,January,2025,1/30/2025,82%
2826,404,5,5,February,2025,2/28/2025,78%
2827,404,1,6,March,2025,3/30/2025,84%
2828,404,1,7,April,2025,4/30/2025,79%
2829,405,9,1,September,2025,9/30/2024,89%
2830,405,9,2,October,2025,10/30/2024,89%
2831,405,8,3,November,2025,11/30/2024,80%
2832,405,1,4,January,2025,1/30/2025,84%
2833,405,3,5,February,2025,2/28/2025,95%
2834,405,9,6,March,2025,3/30/2025,80%
2835,405,4,7,April,2025,4/30/2025,94%
2836,406,6,1,September,2025,9/30/2024,89%
2837,406,8,2,October,2025,10/30/2024,83%
2838,406,6,3,November,2025,11/30/2024,81%
2839,406,4,4,January,2025,1/30/2025,92%
2840,406,3,5,February,2025,2/28/2025,82%
2841,406,7,6,March,2025,3/30/2025,78%
2842,406,7,7,April,2025,4/30/2025,79%
2843,407,9,1,September,2025,9/30/2024,92%
2844,407,4,2,October,2025,10/30/2024,75%
2845,407,4,3,November,2025,11/30/2024,91%
2846,407,4,4,January,2025,1/30/2025,82%
2847,407,1,5,February,2025,2/28/2025,95%
2848,407,7,6,March,2025,3/30/2025,85%
2849,407,2,7,April,2025,4/30/2025,82%
2850,408,5,1,September,2025,9/30/2024,92%
2851,408,4,2,October,2025,10/30/2024,80%
2852,408,6,3,November,2025,11/30/2024,83%
2853,408,4,4,January,2025,1/30/2025,76%
2854,408,6,5,February,2025,2/28/2025,90%
2855,408,9,6,March,2025,3/30/2025,81%
2856,408,8,7,April,2025,4/30/2025,79%
2857,409,3,1,September,2025,9/30/2024,80%
2858,409,5,2,October,2025,10/30/2024,85%
2859,409,5,3,November,2025,11/30/2024,89%
2860,409,7,4,January,2025,1/30/2025,81%
2861,409,8,5,February,2025,2/28/2025,89%
2862,409,2,6,March,2025,3/30/2025,86%
2863,409,8,7,April,2025,4/30/2025,75%
2864,410,9,1,September,2025,9/30/2024,79%
2865,410,1,2,October,2025,10/30/2024,85%
2866,410,9,3,November,2025,11/30/2024,87%
2867,410,1,4,January,2025,1/30/2025,80%
2868,410,5,5,February,2025,2/28/2025,91%
2869,410,5,6,March,2025,3/30/2025,94%
2870,410,7,7,April,2025,4/30/2025,78%
2871,411,3,1,September,2025,9/30/2024,87%
2872,411,3,2,October,2025,10/30/2024,93%
2873,411,5,3,November,2025,11/30/2024,83%
2874,411,9,4,January,2025,1/30/2025,94%
2875,411,1,5,February,2025,2/28/2025,83%
2876,411,1,6,March,2025,3/30/2025,82%
2877,411,8,7,April,2025,4/30/2025,83%
2878,412,3,1,September,2025,9/30/2024,77%
2879,412,9,2,October,2025,10/30/2024,86%
2880,412,4,3,November,2025,11/30/2024,79%
2881,412,1,4,January,2025,1/30/2025,79%
2882,412,2,5,February,2025,2/28/2025,87%
2883,412,8,6,March,2025,3/30/2025,83%
2884,412,3,7,April,2025,4/30/2025,82%
2885,413,2,1,September,2025,9/30/2024,90%
2886,413,8,2,October,2025,10/30/2024,93%
2887,413,2,3,November,2025,11/30/2024,79%
2888,413,3,4,January,2025,1/30/2025,86%
2889,413,7,5,February,2025,2/28/2025,92%
2890,413,2,6,March,2025,3/30/2025,92%
2891,413,1,7,April,2025,4/30/2025,91%
2892,414,7,1,September,2025,9/30/2024,77%
2893,414,4,2,October,2025,10/30/2024,76%
2894,414,6,3,November,2025,11/30/2024,84%
2895,414,2,4,January,2025,1/30/2025,88%
2896,414,3,5,February,2025,2/28/2025,82%
2897,414,5,6,March,2025,3/30/2025,80%
2898,414,2,7,April,2025,4/30/2025,78%
2899,415,2,1,September,2025,9/30/2024,75%
2900,415,6,2,October,2025,10/30/2024,95%
2901,415,7,3,November,2025,11/30/2024,93%
2902,415,1,4,January,2025,1/30/2025,83%
2903,415,4,5,February,2025,2/28/2025,80%
2904,415,6,6,March,2025,3/30/2025,76%
2905,415,2,7,April,2025,4/30/2025,94%
2906,416,7,1,September,2025,9/30/2024,79%
2907,416,3,2,October,2025,10/30/2024,80%
2908,416,4,3,November,2025,11/30/2024,75%
2909,416,7,4,January,2025,1/30/2025,75%
2910,416,4,5,February,2025,2/28/2025,81%
2911,416,1,6,March,2025,3/30/2025,85%
2912,416,4,7,April,2025,4/30/2025,94%
2913,417,1,1,September,2025,9/30/2024,86%
2914,417,8,2,October,2025,10/30/2024,77%
2915,417,2,3,November,2025,11/30/2024,94%
2916,417,9,4,January,2025,1/30/2025,81%
2917,417,9,5,February,2025,2/28/2025,81%
2918,417,3,6,March,2025,3/30/2025,81%
2919,417,6,7,April,2025,4/30/2025,85%
2920,418,6,1,September,2025,9/30/2024,80%
2921,418,5,2,October,2025,10/30/2024,91%
2922,418,8,3,November,2025,11/30/2024,78%
2923,418,6,4,January,2025,1/30/2025,89%
2924,418,7,5,February,2025,2/28/2025,84%
2925,418,5,6,March,2025,3/30/2025,82%
2926,418,5,7,April,2025,4/30/2025,88%
2927,419,7,1,September,2025,9/30/2024,77%
2928,419,7,2,October,2025,10/30/2024,76%
2929,419,5,3,November,2025,11/30/2024,83%
2930,419,3,4,January,2025,1/30/2025,88%
2931,419,6,5,February,2025,2/28/2025,76%
2932,419,4,6,March,2025,3/30/2025,80%
2933,419,5,7,April,2025,4/30/2025,95%
2934,420,5,1,September,2025,9/30/2024,76%
2935,420,1,2,October,2025,10/30/2024,90%
2936,420,4,3,November,2025,11/30/2024,81%
2937,420,6,4,January,2025,1/30/2025,78%
2938,420,4,5,February,2025,2/28/2025,86%
2939,420,6,6,March,2025,3/30/2025,88%
2940,420,6,7,April,2025,4/30/2025,76%
2941,421,1,1,September,2025,9/30/2024,95%
2942,421,8,2,October,2025,10/30/2024,83%
2943,421,3,3,November,2025,11/30/2024,84%
2944,421,4,4,January,2025,1/30/2025,87%
2945,421,6,5,February,2025,2/28/2025,91%
2946,421,3,6,March,2025,3/30/2025,81%
2947,421,9,7,April,2025,4/30/2025,77%
2948,422,6,1,September,2025,9/30/2024,79%
2949,422,3,2,October,2025,10/30/2024,89%
2950,422,4,3,November,2025,11/30/2024,79%
2951,422,4,4,January,2025,1/30/2025,77%
2952,422,6,5,February,2025,2/28/2025,82%
2953,422,8,6,March,2025,3/30/2025,76%
2954,422,5,7,April,2025,4/30/2025,75%
2955,423,7,1,September,2025,9/30/2024,94%
2956,423,5,2,October,2025,10/30/2024,75%
2957,423,3,3,November,2025,11/30/2024,75%
2958,423,5,4,January,2025,1/30/2025,85%
2959,423,7,5,February,2025,2/28/2025,89%
2960,423,2,6,March,2025,3/30/2025,76%
2961,423,7,7,April,2025,4/30/2025,75%
2962,424,5,1,September,2025,9/30/2024,90%
2963,424,5,2,October,2025,10/30/2024,91%
2964,424,6,3,November,2025,11/30/2024,90%
2965,424,6,4,January,2025,1/30/2025,88%
2966,424,5,5,February,2025,2/28/2025,85%
2967,424,8,6,March,2025,3/30/2025,75%
2968,424,7,7,April,2025,4/30/2025,92%
2969,425,3,1,September,2025,9/30/2024,78%
2970,425,3,2,October,2025,10/30/2024,85%
2971,425,4,3,November,2025,11/30/2024,87%
2972,425,1,4,January,2025,1/30/2025,77%
2973,425,4,5,February,2025,2/28/2025,88%
2974,425,4,6,March,2025,3/30/2025,76%
2975,425,6,7,April,2025,4/30/2025,93%
2976,426,2,1,September,2025,9/30/2024,89%
2977,426,4,2,October,2025,10/30/2024,81%
2978,426,2,3,November,2025,11/30/2024,94%
2979,426,3,4,January,2025,1/30/2025,91%
2980,426,5,5,February,2025,2/28/2025,75%
2981,426,5,6,March,2025,3/30/2025,83%
2982,426,7,7,April,2025,4/30/2025,79%
2983,427,8,1,September,2025,9/30/2024,78%
2984,427,3,2,October,2025,10/30/2024,94%
2985,427,5,3,November,2025,11/30/2024,80%
2986,427,6,4,January,2025,1/30/2025,87%
2987,427,6,5,February,2025,2/28/2025,84%
2988,427,4,6,March,2025,3/30/2025,85%
2989,427,3,7,April,2025,4/30/2025,79%
2990,428,6,1,September,2025,9/30/2024,76%
2991,428,9,2,October,2025,10/30/2024,92%
2992,428,8,3,November,2025,11/30/2024,88%
2993,428,1,4,January,2025,1/30/2025,82%
2994,428,4,5,February,2025,2/28/2025,94%
2995,428,3,6,March,2025,3/30/2025,86%
2996,428,2,7,April,2025,4/30/2025,86%
2997,429,6,1,September,2025,9/30/2024,83%
2998,429,3,2,October,2025,10/30/2024,94%
2999,429,8,3,November,2025,11/30/2024,92%
3000,429,4,4,January,2025,1/30/2025,82%
3001,429,2,5,February,2025,2/28/2025,81%
3002,429,7,6,March,2025,3/30/2025,80%
3003,429,5,7,April,2025,4/30/2025,92%
3004,430,8,1,September,2025,9/30/2024,89%
3005,430,8,2,October,2025,10/30/2024,86%
3006,430,9,3,November,2025,11/30/2024,93%
3007,430,7,4,January,2025,1/30/2025,80%
3008,430,3,5,February,2025,2/28/2025,76%
3009,430,1,6,March,2025,3/30/2025,80%
3010,430,3,7,April,2025,4/30/2025,85%
3011,431,3,1,September,2025,9/30/2024,78%
3012,431,6,2,October,2025,10/30/2024,82%
3013,431,4,3,November,2025,11/30/2024,89%
3014,431,4,4,January,2025,1/30/2025,93%
3015,431,2,5,February,2025,2/28/2025,84%
3016,431,3,6,March,2025,3/30/2025,81%
3017,431,5,7,April,2025,4/30/2025,78%
3018,432,7,1,September,2025,9/30/2024,77%
3019,432,8,2,October,2025,10/30/2024,88%
3020,432,6,3,November,2025,11/30/2024,94%
3021,432,7,4,January,2025,1/30/2025,91%
3022,432,6,5,February,2025,2/28/2025,92%
3023,432,4,6,March,2025,3/30/2025,76%
3024,432,5,7,April,2025,4/30/2025,78%
3025,433,8,1,September,2025,9/30/2024,86%
3026,433,3,2,October,2025,10/30/2024,91%
3027,433,4,3,November,2025,11/30/2024,78%
3028,433,2,4,January,2025,1/30/2025,77%
3029,433,4,5,February,2025,2/28/2025,82%
3030,433,5,6,March,2025,3/30/2025,85%
3031,433,5,7,April,2025,4/30/2025,78%
3032,434,3,1,September,2025,9/30/2024,81%
3033,434,5,2,October,2025,10/30/2024,85%
3034,434,5,3,November,2025,11/30/2024,80%
3035,434,8,4,January,2025,1/30/2025,76%
3036,434,2,5,February,2025,2/28/2025,86%
3037,434,6,6,March,2025,3/30/2025,83%
3038,434,4,7,April,2025,4/30/2025,80%
3039,435,6,1,September,2025,9/30/2024,84%
3040,435,2,2,October,2025,10/30/2024,92%
3041,435,3,3,November,2025,11/30/2024,93%
3042,435,2,4,January,2025,1/30/2025,77%
3043,435,8,5,February,2025,2/28/2025,94%
3044,435,7,6,March,2025,3/30/2025,78%
3045,435,6,7,April,2025,4/30/2025,76%
3046,436,1,1,September,2025,9/30/2024,81%
3047,436,2,2,October,2025,10/30/2024,79%
3048,436,9,3,November,2025,11/30/2024,86%
3049,436,3,4,January,2025,1/30/2025,89%
3050,436,6,5,February,2025,2/28/2025,92%
3051,436,5,6,March,2025,3/30/2025,82%
3052,436,3,7,April,2025,4/30/2025,94%
3053,437,9,1,September,2025,9/30/2024,83%
3054,437,1,2,October,2025,10/30/2024,92%
3055,437,3,3,November,2025,11/30/2024,79%
3056,437,4,4,January,2025,1/30/2025,87%
3057,437,1,5,February,2025,2/28/2025,86%
3058,437,4,6,March,2025,3/30/2025,95%
3059,437,1,7,April,2025,4/30/2025,87%
3060,438,8,1,September,2025,9/30/2024,83%
3061,438,5,2,October,2025,10/30/2024,87%
3062,438,7,3,November,2025,11/30/2024,82%
3063,438,6,4,January,2025,1/30/2025,80%
3064,438,3,5,February,2025,2/28/2025,93%
3065,438,5,6,March,2025,3/30/2025,88%
3066,438,9,7,April,2025,4/30/2025,85%
3067,439,6,1,September,2025,9/30/2024,82%
3068,439,7,2,October,2025,10/30/2024,91%
3069,439,2,3,November,2025,11/30/2024,80%
3070,439,3,4,January,2025,1/30/2025,85%
3071,439,2,5,February,2025,2/28/2025,91%
3072,439,9,6,March,2025,3/30/2025,89%
3073,439,3,7,April,2025,4/30/2025,80%
3074,440,8,1,September,2025,9/30/2024,84%
3075,440,5,2,October,2025,10/30/2024,83%
3076,440,2,3,November,2025,11/30/2024,90%
3077,440,2,4,January,2025,1/30/2025,84%
3078,440,2,5,February,2025,2/28/2025,80%
3079,440,3,6,March,2025,3/30/2025,92%
3080,440,7,7,April,2025,4/30/2025,85%
3081,441,5,1,September,2025,9/30/2024,79%
3082,441,6,2,October,2025,10/30/2024,93%
3083,441,1,3,November,2025,11/30/2024,79%
3084,441,8,4,January,2025,1/30/2025,92%
3085,441,8,5,February,2025,2/28/2025,90%
3086,441,5,6,March,2025,3/30/2025,92%
3087,441,2,7,April,2025,4/30/2025,76%
3088,442,3,1,September,2025,9/30/2024,79%
3089,442,8,2,October,2025,10/30/2024,89%
3090,442,8,3,November,2025,11/30/2024,94%
3091,442,4,4,January,2025,1/30/2025,86%
3092,442,3,5,February,2025,2/28/2025,84%
3093,442,6,6,March,2025,3/30/2025,91%
3094,442,4,7,April,2025,4/30/2025,83%
3095,443,2,1,September,2025,9/30/2024,93%
3096,443,5,2,October,2025,10/30/2024,89%
3097,443,5,3,November,2025,11/30/2024,86%
3098,443,2,4,January,2025,1/30/2025,81%
3099,443,9,5,February,2025,2/28/2025,81%
3100,443,2,6,March,2025,3/30/2025,76%
3101,443,7,7,April,2025,4/30/2025,91%
3102,444,6,1,September,2025,9/30/2024,88%
3103,444,8,2,October,2025,10/30/2024,90%
3104,444,8,3,November,2025,11/30/2024,79%
3105,444,5,4,January,2025,1/30/2025,90%
3106,444,8,5,February,2025,2/28/2025,77%
3107,444,9,6,March,2025,3/30/2025,82%
3108,444,8,7,April,2025,4/30/2025,93%
3109,445,4,1,September,2025,9/30/2024,79%
3110,445,1,2,October,2025,10/30/2024,78%
3111,445,8,3,November,2025,11/30/2024,95%
3112,445,7,4,January,2025,1/30/2025,94%
3113,445,2,5,February,2025,2/28/2025,78%
3114,445,6,6,March,2025,3/30/2025,89%
3115,445,8,7,April,2025,4/30/2025,87%
3116,446,8,1,September,2025,9/30/2024,78%
3117,446,5,2,October,2025,10/30/2024,81%
3118,446,3,3,November,2025,11/30/2024,80%
3119,446,5,4,January,2025,1/30/2025,79%
3120,446,8,5,February,2025,2/28/2025,79%
3121,446,9,6,March,2025,3/30/2025,90%
3122,446,7,7,April,2025,4/30/2025,89%
3123,447,4,1,September,2025,9/30/2024,78%
3124,447,9,2,October,2025,10/30/2024,87%
3125,447,7,3,November,2025,11/30/2024,82%
3126,447,6,4,January,2025,1/30/2025,83%
3127,447,7,5,February,2025,2/28/2025,83%
3128,447,9,6,March,2025,3/30/2025,87%
3129,447,5,7,April,2025,4/30/2025,89%
3130,448,3,1,September,2025,9/30/2024,84%
3131,448,8,2,October,2025,10/30/2024,84%
3132,448,3,3,November,2025,11/30/2024,77%
3133,448,9,4,January,2025,1/30/2025,95%
3134,448,5,5,February,2025,2/28/2025,86%
3135,448,8,6,March,2025,3/30/2025,89%
3136,448,4,7,April,2025,4/30/2025,78%
3137,449,3,1,September,2025,9/30/2024,76%
3138,449,2,2,October,2025,10/30/2024,75%
3139,449,1,3,November,2025,11/30/2024,82%
3140,449,1,4,January,2025,1/30/2025,76%
3141,449,7,5,February,2025,2/28/2025,80%
3142,449,6,6,March,2025,3/30/2025,78%
3143,449,9,7,April,2025,4/30/2025,94%
3144,450,5,1,September,2025,9/30/2024,87%
3145,450,4,2,October,2025,10/30/2024,94%
3146,450,2,3,November,2025,11/30/2024,77%
3147,450,2,4,January,2025,1/30/2025,83%
3148,450,6,5,February,2025,2/28/2025,86%
3149,450,9,6,March,2025,3/30/2025,91%
3150,450,3,7,April,2025,4/30/2025,95%
3151,451,6,1,September,2025,9/30/2024,85%
3152,451,2,2,October,2025,10/30/2024,82%
3153,451,6,3,November,2025,11/30/2024,89%
3154,451,9,4,January,2025,1/30/2025,94%
3155,451,1,5,February,2025,2/28/2025,81%
3156,451,1,6,March,2025,3/30/2025,92%
3157,451,4,7,April,2025,4/30/2025,79%
3158,452,3,1,September,2025,9/30/2024,94%
3159,452,5,2,October,2025,10/30/2024,90%
3160,452,5,3,November,2025,11/30/2024,94%
3161,452,3,4,January,2025,1/30/2025,86%
3162,452,2,5,February,2025,2/28/2025,90%
3163,452,9,6,March,2025,3/30/2025,89%
3164,452,2,7,April,2025,4/30/2025,88%
3165,453,7,1,September,2025,9/30/2024,82%
3166,453,9,2,October,2025,10/30/2024,86%
3167,453,7,3,November,2025,11/30/2024,77%
3168,453,4,4,January,2025,1/30/2025,75%
3169,453,1,5,February,2025,2/28/2025,91%
3170,453,5,6,March,2025,3/30/2025,89%
3171,453,2,7,April,2025,4/30/2025,89%
3172,454,7,1,September,2025,9/30/2024,92%
3173,454,4,2,October,2025,10/30/2024,82%
3174,454,8,3,November,2025,11/30/2024,79%
3175,454,8,4,January,2025,1/30/2025,80%
3176,454,7,5,February,2025,2/28/2025,81%
3177,454,4,6,March,2025,3/30/2025,92%
3178,454,8,7,April,2025,4/30/2025,82%
3179,455,9,1,September,2025,9/30/2024,81%
3180,455,2,2,October,2025,10/30/2024,81%
3181,455,6,3,November,2025,11/30/2024,79%
3182,455,1,4,January,2025,1/30/2025,84%
3183,455,6,5,February,2025,2/28/2025,94%
3184,455,1,6,March,2025,3/30/2025,75%
3185,455,8,7,April,2025,4/30/2025,82%
3186,456,8,1,September,2025,9/30/2024,79%
3187,456,1,2,October,2025,10/30/2024,90%
3188,456,5,3,November,2025,11/30/2024,82%
3189,456,9,4,January,2025,1/30/2025,80%
3190,456,2,5,February,2025,2/28/2025,92%
3191,456,1,6,March,2025,3/30/2025,79%
3192,456,6,7,April,2025,4/30/2025,88%
3193,457,6,1,September,2025,9/30/2024,80%
3194,457,8,2,October,2025,10/30/2024,86%
3195,457,4,3,November,2025,11/30/2024,83%
3196,457,9,4,January,2025,1/30/2025,95%
3197,457,5,5,February,2025,2/28/2025,75%
3198,457,6,6,March,2025,3/30/2025,95%
3199,457,5,7,April,2025,4/30/2025,82%
3200,458,1,1,September,2025,9/30/2024,88%
3201,458,6,2,October,2025,10/30/2024,89%
3202,458,5,3,November,2025,11/30/2024,81%
3203,458,3,4,January,2025,1/30/2025,84%
3204,458,1,5,February,2025,2/28/2025,77%
3205,458,4,6,March,2025,3/30/2025,83%
3206,458,2,7,April,2025,4/30/2025,79%
3207,459,8,1,September,2025,9/30/2024,89%
3208,459,9,2,October,2025,10/30/2024,94%
3209,459,8,3,November,2025,11/30/2024,88%
3210,459,3,4,January,2025,1/30/2025,95%
3211,459,1,5,February,2025,2/28/2025,94%
3212,459,6,6,March,2025,3/30/2025,76%
3213,459,9,7,April,2025,4/30/2025,76%
3214,460,1,1,September,2025,9/30/2024,92%
3215,460,4,2,October,2025,10/30/2024,93%
3216,460,8,3,November,2025,11/30/2024,76%
3217,460,7,4,January,2025,1/30/2025,86%
3218,460,3,5,February,2025,2/28/2025,90%
3219,460,7,6,March,2025,3/30/2025,91%
3220,460,9,7,April,2025,4/30/2025,95%
3221,461,3,1,September,2025,9/30/2024,78%
3222,461,3,2,October,2025,10/30/2024,92%
3223,461,2,3,November,2025,11/30/2024,76%
3224,461,6,4,January,2025,1/30/2025,89%
3225,461,1,5,February,2025,2/28/2025,90%
3226,461,4,6,March,2025,3/30/2025,75%
3227,461,1,7,April,2025,4/30/2025,90%
3228,462,8,1,September,2025,9/30/2024,89%
3229,462,1,2,October,2025,10/30/2024,80%
3230,462,8,3,November,2025,11/30/2024,87%
3231,462,6,4,January,2025,1/30/2025,93%
3232,462,4,5,February,2025,2/28/2025,80%
3233,462,4,6,March,2025,3/30/2025,87%
3234,462,6,7,April,2025,4/30/2025,86%
3235,463,1,1,September,2025,9/30/2024,82%
3236,463,8,2,October,2025,10/30/2024,80%
3237,463,9,3,November,2025,11/30/2024,89%
3238,463,7,4,January,2025,1/30/2025,83%
3239,463,5,5,February,2025,2/28/2025,86%
3240,463,1,6,March,2025,3/30/2025,95%
3241,463,4,7,April,2025,4/30/2025,91%
3242,464,9,1,September,2025,9/30/2024,87%
3243,464,4,2,October,2025,10/30/2024,87%
3244,464,2,3,November,2025,11/30/2024,83%
3245,464,4,4,January,2025,1/30/2025,82%
3246,464,2,5,February,2025,2/28/2025,95%
3247,464,4,6,March,2025,3/30/2025,87%
3248,464,8,7,April,2025,4/30/2025,75%
3249,465,1,1,September,2025,9/30/2024,80%
3250,465,6,2,October,2025,10/30/2024,91%
3251,465,7,3,November,2025,11/30/2024,85%
3252,465,8,4,January,2025,1/30/2025,81%
3253,465,3,5,February,2025,2/28/2025,85%
3254,465,7,6,March,2025,3/30/2025,87%
3255,465,3,7,April,2025,4/30/2025,92%
3256,466,8,1,September,2025,9/30/2024,91%
3257,466,9,2,October,2025,10/30/2024,81%
3258,466,6,3,November,2025,11/30/2024,75%
3259,466,8,4,January,2025,1/30/2025,92%
3260,466,5,5,February,2025,2/28/2025,84%
3261,466,2,6,March,2025,3/30/2025,90%
3262,466,3,7,April,2025,4/30/2025,90%
3263,467,9,1,September,2025,9/30/2024,83%
3264,467,2,2,October,2025,10/30/2024,86%
3265,467,2,3,November,2025,11/30/2024,89%
3266,467,6,4,January,2025,1/30/2025,82%
3267,467,3,5,February,2025,2/28/2025,78%
3268,467,2,6,March,2025,3/30/2025,87%
3269,467,4,7,April,2025,4/30/2025,75%
3270,468,8,1,September,2025,9/30/2024,86%
3271,468,9,2,October,2025,10/30/2024,77%
3272,468,6,3,November,2025,11/30/2024,89%
3273,468,5,4,January,2025,1/30/2025,85%
3274,468,8,5,February,2025,2/28/2025,85%
3275,468,1,6,March,2025,3/30/2025,95%
3276,468,3,7,April,2025,4/30/2025,82%
3277,469,2,1,September,2025,9/30/2024,89%
3278,469,4,2,October,2025,10/30/2024,81%
3279,469,2,3,November,2025,11/30/2024,81%
3280,469,2,4,January,2025,1/30/2025,90%
3281,469,5,5,February,2025,2/28/2025,88%
3282,469,6,6,March,2025,3/30/2025,76%
3283,469,3,7,April,2025,4/30/2025,82%
3284,470,6,1,September,2025,9/30/2024,84%
3285,470,1,2,October,2025,10/30/2024,80%
3286,470,7,3,November,2025,11/30/2024,90%
3287,470,7,4,January,2025,1/30/2025,93%
3288,470,7,5,February,2025,2/28/2025,83%
3289,470,2,6,March,2025,3/30/2025,80%
3290,470,5,7,April,2025,4/30/2025,77%
3291,471,6,1,September,2025,9/30/2024,82%
3292,471,1,2,October,2025,10/30/2024,87%
3293,471,2,3,November,2025,11/30/2024,90%
3294,471,9,4,January,2025,1/30/2025,92%
3295,471,7,5,February,2025,2/28/2025,93%
3296,471,5,6,March,2025,3/30/2025,89%
3297,471,8,7,April,2025,4/30/2025,81%
3298,472,9,1,September,2025,9/30/2024,78%
3299,472,2,2,October,2025,10/30/2024,86%
3300,472,4,3,November,2025,11/30/2024,84%
3301,472,8,4,January,2025,1/30/2025,84%
3302,472,9,5,February,2025,2/28/2025,77%
3303,472,4,6,March,2025,3/30/2025,88%
3304,472,4,7,April,2025,4/30/2025,83%
3305,473,6,1,September,2025,9/30/2024,82%
3306,473,3,2,October,2025,10/30/2024,89%
3307,473,6,3,November,2025,11/30/2024,95%
3308,473,1,4,January,2025,1/30/2025,79%
3309,473,9,5,February,2025,2/28/2025,78%
3310,473,9,6,March,2025,3/30/2025,80%
3311,473,1,7,April,2025,4/30/2025,79%
3312,474,3,1,September,2025,9/30/2024,79%
3313,474,9,2,October,2025,10/30/2024,79%
3314,474,5,3,November,2025,11/30/2024,75%
3315,474,8,4,January,2025,1/30/2025,83%
3316,474,5,5,February,2025,2/28/2025,84%
3317,474,3,6,March,2025,3/30/2025,89%
3318,474,9,7,April,2025,4/30/2025,76%
3319,475,5,1,September,2025,9/30/2024,80%
3320,475,4,2,October,2025,10/30/2024,89%
3321,475,8,3,November,2025,11/30/2024,94%
3322,475,9,4,January,2025,1/30/2025,92%
3323,475,4,5,February,2025,2/28/2025,91%
3324,475,3,6,March,2025,3/30/2025,85%
3325,475,3,7,April,2025,4/30/2025,83%
3326,476,4,1,September,2025,9/30/2024,80%
3327,476,1,2,October,2025,10/30/2024,84%
3328,476,2,3,November,2025,11/30/2024,91%
3329,476,9,4,January,2025,1/30/2025,79%
3330,476,6,5,February,2025,2/28/2025,75%
3331,476,6,6,March,2025,3/30/2025,78%
3332,476,3,7,April,2025,4/30/2025,82%
3333,477,8,1,September,2025,9/30/2024,84%
3334,477,1,2,October,2025,10/30/2024,78%
3335,477,3,3,November,2025,11/30/2024,85%
3336,477,3,4,January,2025,1/30/2025,88%
3337,477,1,5,February,2025,2/28/2025,90%
3338,477,5,6,March,2025,3/30/2025,77%
3339,477,5,7,April,2025,4/30/2025,77%
3340,478,7,1,September,2025,9/30/2024,87%
3341,478,5,2,October,2025,10/30/2024,76%
3342,478,7,3,November,2025,11/30/2024,85%
3343,478,5,4,January,2025,1/30/2025,83%
3344,478,3,5,February,2025,2/28/2025,76%
3345,478,9,6,March,2025,3/30/2025,84%
3346,478,4,7,April,2025,4/30/2025,80%
3347,479,3,1,September,2025,9/30/2024,89%
3348,479,2,2,October,2025,10/30/2024,82%
3349,479,4,3,November,2025,11/30/2024,82%
3350,479,4,4,January,2025,1/30/2025,75%
3351,479,6,5,February,2025,2/28/2025,79%
3352,479,3,6,March,2025,3/30/2025,79%
3353,479,5,7,April,2025,4/30/2025,90%
3354,480,6,1,September,2025,9/30/2024,86%
3355,480,8,2,October,2025,10/30/2024,84%
3356,480,1,3,November,2025,11/30/2024,75%
3357,480,2,4,January,2025,1/30/2025,90%
3358,480,6,5,February,2025,2/28/2025,86%
3359,480,3,6,March,2025,3/30/2025,83%
3360,480,2,7,April,2025,4/30/2025,77%
3361,481,3,1,September,2025,9/30/2024,91%
3362,481,2,2,October,2025,10/30/2024,93%
3363,481,1,3,November,2025,11/30/2024,78%
3364,481,3,4,January,2025,1/30/2025,82%
3365,481,1,5,February,2025,2/28/2025,87%
3366,481,7,6,March,2025,3/30/2025,85%
3367,481,9,7,April,2025,4/30/2025,84%
3368,482,9,1,September,2025,9/30/2024,93%
3369,482,4,2,October,2025,10/30/2024,94%
3370,482,6,3,November,2025,11/30/2024,82%
3371,482,2,4,January,2025,1/30/2025,77%
3372,482,1,5,February,2025,2/28/2025,75%
3373,482,4,6,March,2025,3/30/2025,87%
3374,482,8,7,April,2025,4/30/2025,75%
3375,483,3,1,September,2025,9/30/2024,86%
3376,483,3,2,October,2025,10/30/2024,95%
3377,483,4,3,November,2025,11/30/2024,89%
3378,483,5,4,January,2025,1/30/2025,76%
3379,483,5,5,February,2025,2/28/2025,86%
3380,483,8,6,March,2025,3/30/2025,90%
3381,483,6,7,April,2025,4/30/2025,82%
3382,484,3,1,September,2025,9/30/2024,77%
3383,484,8,2,October,2025,10/30/2024,91%
3384,484,8,3,November,2025,11/30/2024,87%
3385,484,2,4,January,2025,1/30/2025,79%
3386,484,4,5,February,2025,2/28/2025,95%
3387,484,6,6,March,2025,3/30/2025,94%
3388,484,6,7,April,2025,4/30/2025,91%
3389,485,9,1,September,2025,9/30/2024,80%
3390,485,7,2,October,2025,10/30/2024,94%
3391,485,3,3,November,2025,11/30/2024,85%
3392,485,3,4,January,2025,1/30/2025,79%
3393,485,2,5,February,2025,2/28/2025,95%
3394,485,2,6,March,2025,3/30/2025,93%
3395,485,5,7,April,2025,4/30/2025,90%
3396,486,9,1,September,2025,9/30/2024,93%
3397,486,9,2,October,2025,10/30/2024,77%
3398,486,5,3,November,2025,11/30/2024,92%
3399,486,3,4,January,2025,1/30/2025,75%
3400,486,4,5,February,2025,2/28/2025,81%
3401,486,9,6,March,2025,3/30/2025,92%
3402,486,7,7,April,2025,4/30/2025,86%
3403,487,2,1,September,2025,9/30/2024,91%
3404,487,9,2,October,2025,10/30/2024,93%
3405,487,3,3,November,2025,11/30/2024,87%
3406,487,1,4,January,2025,1/30/2025,91%
3407,487,7,5,February,2025,2/28/2025,95%
3408,487,9,6,March,2025,3/30/2025,93%
3409,487,2,7,April,2025,4/30/2025,91%
3410,488,9,1,September,2025,9/30/2024,78%
3411,488,5,2,October,2025,10/30/2024,89%
3412,488,7,3,November,2025,11/30/2024,82%
3413,488,2,4,January,2025,1/30/2025,86%
3414,488,7,5,February,2025,2/28/2025,75%
3415,488,1,6,March,2025,3/30/2025,80%
3416,488,4,7,April,2025,4/30/2025,88%
3417,489,6,1,September,2025,9/30/2024,90%
3418,489,2,2,October,2025,10/30/2024,93%
3419,489,1,3,November,2025,11/30/2024,80%
3420,489,5,4,January,2025,1/30/2025,82%
3421,489,3,5,February,2025,2/28/2025,77%
3422,489,5,6,March,2025,3/30/2025,93%
3423,489,6,7,April,2025,4/30/2025,79%
3424,490,6,1,September,2025,9/30/2024,78%
3425,490,7,2,October,2025,10/30/2024,81%
3426,490,8,3,November,2025,11/30/2024,95%
3427,490,2,4,January,2025,1/30/2025,78%
3428,490,4,5,February,2025,2/28/2025,91%
3429,490,5,6,March,2025,3/30/2025,90%
3430,490,1,7,April,2025,4/30/2025,78%
3431,491,5,1,September,2025,9/30/2024,84%
3432,491,4,2,October,2025,10/30/2024,94%
3433,491,7,3,November,2025,11/30/2024,85%
3434,491,8,4,January,2025,1/30/2025,81%
3435,491,5,5,February,2025,2/28/2025,89%
3436,491,6,6,March,2025,3/30/2025,76%
3437,491,9,7,April,2025,4/30/2025,86%
3438,492,4,1,September,2025,9/30/2024,89%
3439,492,8,2,October,2025,10/30/2024,89%
3440,492,8,3,November,2025,11/30/2024,88%
3441,492,9,4,January,2025,1/30/2025,94%
3442,492,2,5,February,2025,2/28/2025,94%
3443,492,4,6,March,2025,3/30/2025,89%
3444,492,2,7,April,2025,4/30/2025,88%
3445,493,7,1,September,2025,9/30/2024,95%
3446,493,8,2,October,2025,10/30/2024,91%
3447,493,7,3,November,2025,11/30/2024,84%
3448,493,4,4,January,2025,1/30/2025,89%
3449,493,3,5,February,2025,2/28/2025,95%
3450,493,4,6,March,2025,3/30/2025,94%
3451,493,8,7,April,2025,4/30/2025,92%
3452,494,4,1,September,2025,9/30/2024,75%
3453,494,4,2,October,2025,10/30/2024,88%
3454,494,5,3,November,2025,11/30/2024,81%
3455,494,6,4,January,2025,1/30/2025,86%
3456,494,5,5,February,2025,2/28/2025,83%
3457,494,9,6,March,2025,3/30/2025,81%
3458,494,9,7,April,2025,4/30/2025,84%
3459,495,4,1,September,2025,9/30/2024,93%
3460,495,3,2,October,2025,10/30/2024,92%
3461,495,9,3,November,2025,11/30/2024,93%
3462,495,1,4,January,2025,1/30/2025,75%
3463,495,9,5,February,2025,2/28/2025,81%
3464,495,3,6,March,2025,3/30/2025,84%
3465,495,5,7,April,2025,4/30/2025,88%
3466,496,1,1,September,2025,9/30/2024,86%
3467,496,5,2,October,2025,10/30/2024,95%
3468,496,7,3,November,2025,11/30/2024,82%
3469,496,3,4,January,2025,1/30/2025,91%
3470,496,4,5,February,2025,2/28/2025,92%
3471,496,1,6,March,2025,3/30/2025,93%
3472,496,5,7,April,2025,4/30/2025,93%
3473,497,6,1,September,2025,9/30/2024,91%
3474,497,6,2,October,2025,10/30/2024,90%
3475,497,4,3,November,2025,11/30/2024,93%
3476,497,6,4,January,2025,1/30/2025,80%
3477,497,9,5,February,2025,2/28/2025,90%
3478,497,5,6,March,2025,3/30/2025,88%
3479,497,4,7,April,2025,4/30/2025,85%
3480,498,2,1,September,2025,9/30/2024,90%
3481,498,3,2,October,2025,10/30/2024,93%
3482,498,4,3,November,2025,11/30/2024,95%
3483,498,4,4,January,2025,1/30/2025,85%
3484,498,5,5,February,2025,2/28/2025,92%
3485,498,7,6,March,2025,3/30/2025,89%
3486,498,2,7,April,2025,4/30/2025,87%
3487,499,5,1,September,2025,9/30/2024,77%
3488,499,4,2,October,2025,10/30/2024,92%
3489,499,1,3,November,2025,11/30/2024,89%
3490,499,2,4,January,2025,1/30/2025,86%
3491,499,5,5,February,2025,2/28/2025,84%
3492,499,5,6,March,2025,3/30/2025,81%
3493,499,8,7,April,2025,4/30/2025,90%
3494,500,4,1,September,2025,9/30/2024,75%
3495,500,5,2,October,2025,10/30/2024,86%
3496,500,4,3,November,2025,11/30/2024,94%
3497,500,8,4,January,2025,1/30/2025,92%
3498,500,2,5,February,2025,2/28/2025,82%
3499,500,9,6,March,2025,3/30/2025,78%
3500,500,5,7,April,2025,4/30/2025,78%
3501,1,8,8,May,2025,2025-05-30 00:00:00,95%
3502,2,8,8,May,2025,2025-05-30 00:00:00,60%
3503,3,4,8,May,2025,2025-05-30 00:00:00,95%
3504,4,6,8,May,2025,2025-05-30 00:00:00,60%
3505,5,3,8,May,2025,2025-05-30 00:00:00,95%
3506,6,7,8,May,2025,2025-05-30 00:00:00,95%
3507,7,1,8,May,2025,2025-05-30 00:00:00,60%
3508,8,9,8,May,2025,2025-05-30 00:00:00,95%
3509,9,8,8,May,2025,2025-05-30 00:00:00,95%
3510,10,9,8,May,2025,2025-05-30 00:00:00,60%
3511,11,6,8,May,2025,2025-05-30 00:00:00,95%
3512,12,2,8,May,2025,2025-05-30 00:00:00,95%
3513,13,5,8,May,2025,2025-05-30 00:00:00,95%
3514,14,8,8,May,2025,2025-05-30 00:00:00,95%
3515,15,6,8,May,2025,2025-05-30 00:00:00,95%
3516,16,2,8,May,2025,2025-05-30 00:00:00,95%
3517,17,3,8,May,2025,2025-05-30 00:00:00,95%
3518,18,2,8,May,2025,2025-05-30 00:00:00,60%
3519,19,7,8,May,2025,2025-05-30 00:00:00,60%
3520,20,4,8,May,2025,2025-05-30 00:00:00,95%
3521,21,2,8,May,2025,2025-05-30 00:00:00,95%
3522,22,7,8,May,2025,2025-05-30 00:00:00,95%
3523,23,5,8,May,2025,2025-05-30 00:00:00,95%
3524,24,5,8,May,2025,2025-05-30 00:00:00,95%
3525,25,9,8,May,2025,2025-05-30 00:00:00,60%
3526,26,7,8,May,2025,2025-05-30 00:00:00,95%
3527,27,7,8,May,2025,2025-05-30 00:00:00,95%
3528,28,5,8,May,2025,2025-05-30 00:00:00,60%
3529,29,8,8,May,2025,2025-05-30 00:00:00,95%
3530,30,9,8,May,2025,2025-05-30 00:00:00,60%
3531,31,7,8,May,2025,2025-05-30 00:00:00,60%
3532,32,2,8,May,2025,2025-05-30 00:00:00,95%
3533,33,5,8,May,2025,2025-05-30 00:00:00,60%
3534,34,9,8,May,2025,2025-05-30 00:00:00,95%
3535,35,1,8,May,2025,2025-05-30 00:00:00,60%
3536,36,5,8,May,2025,2025-05-30 00:00:00,95%
3537,37,1,8,May,2025,2025-05-30 00:00:00,95%
3538,38,4,8,May,2025,2025-05-30 00:00:00,95%
3539,39,2,8,May,2025,2025-05-30 00:00:00,60%
3540,40,3,8,May,2025,2025-05-30 00:00:00,95%
3541,41,8,8,May,2025,2025-05-30 00:00:00,95%
3542,42,4,8,May,2025,2025-05-30 00:00:00,95%
3543,43,7,8,May,2025,2025-05-30 00:00:00,95%
3544,44,7,8,May,2025,2025-05-30 00:00:00,60%
3545,45,1,8,May,2025,2025-05-30 00:00:00,95%
3546,46,2,8,May,2025,2025-05-30 00:00:00,95%
3547,47,6,8,May,2025,2025-05-30 00:00:00,95%
3548,48,8,8,May,2025,2025-05-30 00:00:00,95%
3549,49,2,8,May,2025,2025-05-30 00:00:00,60%
3550,50,6,8,May,2025,2025-05-30 00:00:00,95%
3551,51,3,8,May,2025,2025-05-30 00:00:00,60%
3552,52,7,8,May,2025,2025-05-30 00:00:00,95%
3553,53,9,8,May,2025,2025-05-30 00:00:00,95%
3554,54,2,8,May,2025,2025-05-30 00:00:00,95%
3555,55,3,8,May,2025,2025-05-30 00:00:00,95%
3556,56,8,8,May,2025,2025-05-30 00:00:00,95%
3557,57,5,8,May,2025,2025-05-30 00:00:00,95%
3558,58,7,8,May,2025,2025-05-30 00:00:00,60%
3559,59,1,8,May,2025,2025-05-30 00:00:00,95%
3560,60,3,8,May,2025,2025-05-30 00:00:00,60%
3561,61,8,8,May,2025,2025-05-30 00:00:00,95%
3562,62,8,8,May,2025,2025-05-30 00:00:00,95%
3563,63,3,8,May,2025,2025-05-30 00:00:00,60%
3564,64,2,8,May,2025,2025-05-30 00:00:00,60%
3565,65,4,8,May,2025,2025-05-30 00:00:00,60%
3566,66,8,8,May,2025,2025-05-30 00:00:00,60%
3567,67,4,8,May,2025,2025-05-30 00:00:00,95%
3568,68,4,8,May,2025,2025-05-30 00:00:00,60%
3569,69,3,8,May,2025,2025-05-30 00:00:00,95%
3570,70,3,8,May,2025,2025-05-30 00:00:00,95%
3571,71,6,8,May,2025,2025-05-30 00:00:00,60%
3572,72,3,8,May,2025,2025-05-30 00:00:00,60%
3573,73,4,8,May,2025,2025-05-30 00:00:00,60%
3574,74,8,8,May,2025,2025-05-30 00:00:00,60%
3575,75,9,8,May,2025,2025-05-30 00:00:00,60%
3576,76,1,8,May,2025,2025-05-30 00:00:00,95%
3577,77,9,8,May,2025,2025-05-30 00:00:00,60%
3578,78,3,8,May,2025,2025-05-30 00:00:00,60%
3579,79,2,8,May,2025,2025-05-30 00:00:00,95%
3580,80,2,8,May,2025,2025-05-30 00:00:00,60%
3581,81,4,8,May,2025,2025-05-30 00:00:00,95%
3582,82,7,8,May,2025,2025-05-30 00:00:00,95%
3583,83,3,8,May,2025,2025-05-30 00:00:00,95%
3584,84,4,8,May,2025,2025-05-30 00:00:00,95%
3585,85,4,8,May,2025,2025-05-30 00:00:00,95%
3586,86,4,8,May,2025,2025-05-30 00:00:00,95%
3587,87,5,8,May,2025,2025-05-30 00:00:00,95%
3588,88,3,8,May,2025,2025-05-30 00:00:00,95%
3589,89,6,8,May,2025,2025-05-30 00:00:00,95%
3590,90,6,8,May,2025,2025-05-30 00:00:00,60%
3591,91,4,8,May,2025,2025-05-30 00:00:00,95%
3592,92,8,8,May,2025,2025-05-30 00:00:00,95%
3593,93,6,8,May,2025,2025-05-30 00:00:00,95%
3594,94,1,8,May,2025,2025-05-30 00:00:00,60%
3595,95,5,8,May,2025,2025-05-30 00:00:00,95%
3596,96,1,8,May,2025,2025-05-30 00:00:00,95%
3597,97,7,8,May,2025,2025-05-30 00:00:00,60%
3598,98,3,8,May,2025,2025-05-30 00:00:00,60%
3599,99,2,8,May,2025,2025-05-30 00:00:00,95%
3600,100,3,8,May,2025,2025-05-30 00:00:00,60%
3601,101,8,8,May,2025,2025-05-30 00:00:00,95%
3602,102,6,8,May,2025,2025-05-30 00:00:00,95%
3603,103,7,8,May,2025,2025-05-30 00:00:00,60%
3604,104,4,8,May,2025,2025-05-30 00:00:00,60%
3605,105,9,8,May,2025,2025-05-30 00:00:00,95%
3606,106,2,8,May,2025,2025-05-30 00:00:00,95%
3607,107,9,8,May,2025,2025-05-30 00:00:00,60%
3608,108,1,8,May,2025,2025-05-30 00:00:00,95%
3609,109,9,8,May,2025,2025-05-30 00:00:00,60%
3610,110,2,8,May,2025,2025-05-30 00:00:00,60%
3611,111,6,8,May,2025,2025-05-30 00:00:00,95%
3612,112,5,8,May,2025,2025-05-30 00:00:00,95%
3613,113,2,8,May,2025,2025-05-30 00:00:00,95%
3614,114,4,8,May,2025,2025-05-30 00:00:00,60%
3615,115,5,8,May,2025,2025-05-30 00:00:00,95%
3616,116,2,8,May,2025,2025-05-30 00:00:00,95%
3617,117,1,8,May,2025,2025-05-30 00:00:00,60%
3618,118,8,8,May,2025,2025-05-30 00:00:00,60%
3619,119,1,8,May,2025,2025-05-30 00:00:00,95%
3620,120,9,8,May,2025,2025-05-30 00:00:00,95%
3621,121,8,8,May,2025,2025-05-30 00:00:00,60%
3622,122,7,8,May,2025,2025-05-30 00:00:00,95%
3623,123,8,8,May,2025,2025-05-30 00:00:00,60%
3624,124,5,8,May,2025,2025-05-30 00:00:00,95%
3625,125,3,8,May,2025,2025-05-30 00:00:00,60%
3626,126,7,8,May,2025,2025-05-30 00:00:00,95%
3627,127,4,8,May,2025,2025-05-30 00:00:00,95%
3628,128,4,8,May,2025,2025-05-30 00:00:00,95%
3629,129,6,8,May,2025,2025-05-30 00:00:00,95%
3630,130,7,8,May,2025,2025-05-30 00:00:00,95%
3631,131,2,8,May,2025,2025-05-30 00:00:00,95%
3632,132,3,8,May,2025,2025-05-30 00:00:00,60%
3633,133,1,8,May,2025,2025-05-30 00:00:00,95%
3634,134,8,8,May,2025,2025-05-30 00:00:00,95%
3635,135,6,8,May,2025,2025-05-30 00:00:00,60%
3636,136,5,8,May,2025,2025-05-30 00:00:00,60%
3637,137,6,8,May,2025,2025-05-30 00:00:00,60%
3638,138,3,8,May,2025,2025-05-30 00:00:00,60%
3639,139,3,8,May,2025,2025-05-30 00:00:00,95%
3640,140,6,8,May,2025,2025-05-30 00:00:00,95%
3641,141,2,8,May,2025,2025-05-30 00:00:00,60%
3642,142,7,8,May,2025,2025-05-30 00:00:00,95%
3643,143,9,8,May,2025,2025-05-30 00:00:00,95%
3644,144,3,8,May,2025,2025-05-30 00:00:00,95%
3645,145,6,8,May,2025,2025-05-30 00:00:00,60%
3646,146,3,8,May,2025,2025-05-30 00:00:00,95%
3647,147,4,8,May,2025,2025-05-30 00:00:00,95%
3648,148,2,8,May,2025,2025-05-30 00:00:00,95%
3649,149,1,8,May,2025,2025-05-30 00:00:00,60%
3650,150,1,8,May,2025,2025-05-30 00:00:00,60%
3651,151,6,8,May,2025,2025-05-30 00:00:00,95%
3652,152,3,8,May,2025,2025-05-30 00:00:00,95%
3653,153,7,8,May,2025,2025-05-30 00:00:00,95%
3654,154,7,8,May,2025,2025-05-30 00:00:00,60%
3655,155,2,8,May,2025,2025-05-30 00:00:00,95%
3656,156,6,8,May,2025,2025-05-30 00:00:00,60%
3657,157,8,8,May,2025,2025-05-30 00:00:00,60%
3658,158,3,8,May,2025,2025-05-30 00:00:00,60%
3659,159,9,8,May,2025,2025-05-30 00:00:00,95%
3660,160,5,8,May,2025,2025-05-30 00:00:00,95%
3661,161,1,8,May,2025,2025-05-30 00:00:00,95%
3662,162,3,8,May,2025,2025-05-30 00:00:00,60%
3663,163,6,8,May,2025,2025-05-30 00:00:00,60%
3664,164,3,8,May,2025,2025-05-30 00:00:00,95%
3665,165,1,8,May,2025,2025-05-30 00:00:00,60%
3666,166,5,8,May,2025,2025-05-30 00:00:00,95%
3667,167,2,8,May,2025,2025-05-30 00:00:00,60%
3668,168,1,8,May,2025,2025-05-30 00:00:00,95%
3669,169,9,8,May,2025,2025-05-30 00:00:00,60%
3670,170,2,8,May,2025,2025-05-30 00:00:00,95%
3671,171,8,8,May,2025,2025-05-30 00:00:00,60%
3672,172,2,8,May,2025,2025-05-30 00:00:00,60%
3673,173,3,8,May,2025,2025-05-30 00:00:00,95%
3674,174,6,8,May,2025,2025-05-30 00:00:00,60%
3675,175,6,8,May,2025,2025-05-30 00:00:00,60%
3676,176,9,8,May,2025,2025-05-30 00:00:00,95%
3677,177,7,8,May,2025,2025-05-30 00:00:00,95%
3678,178,4,8,May,2025,2025-05-30 00:00:00,60%
3679,179,6,8,May,2025,2025-05-30 00:00:00,95%
3680,180,2,8,May,2025,2025-05-30 00:00:00,95%
3681,181,9,8,May,2025,2025-05-30 00:00:00,95%
3682,182,6,8,May,2025,2025-05-30 00:00:00,60%
3683,183,3,8,May,2025,2025-05-30 00:00:00,60%
3684,184,5,8,May,2025,2025-05-30 00:00:00,95%
3685,185,7,8,May,2025,2025-05-30 00:00:00,95%
3686,186,7,8,May,2025,2025-05-30 00:00:00,95%
3687,187,6,8,May,2025,2025-05-30 00:00:00,95%
3688,188,7,8,May,2025,2025-05-30 00:00:00,60%
3689,189,6,8,May,2025,2025-05-30 00:00:00,95%
3690,190,6,8,May,2025,2025-05-30 00:00:00,60%
3691,191,5,8,May,2025,2025-05-30 00:00:00,60%
3692,192,6,8,May,2025,2025-05-30 00:00:00,60%
3693,193,4,8,May,2025,2025-05-30 00:00:00,60%
3694,194,5,8,May,2025,2025-05-30 00:00:00,60%
3695,195,8,8,May,2025,2025-05-30 00:00:00,60%
3696,196,8,8,May,2025,2025-05-30 00:00:00,60%
3697,197,6,8,May,2025,2025-05-30 00:00:00,60%
3698,198,6,8,May,2025,2025-05-30 00:00:00,80%
3699,199,3,8,May,2025,2025-05-30 00:00:00,80%
3700,200,8,8,May,2025,2025-05-30 00:00:00,60%
3701,201,9,8,May,2025,2025-05-30 00:00:00,80%
3702,202,2,8,May,2025,2025-05-30 00:00:00,80%
3703,203,1,8,May,2025,2025-05-30 00:00:00,60%
3704,204,2,8,May,2025,2025-05-30 00:00:00,80%
3705,205,4,8,May,2025,2025-05-30 00:00:00,60%
3706,206,5,8,May,2025,2025-05-30 00:00:00,80%
3707,207,8,8,May,2025,2025-05-30 00:00:00,80%
3708,208,8,8,May,2025,2025-05-30 00:00:00,60%
3709,209,6,8,May,2025,2025-05-30 00:00:00,80%
3710,210,6,8,May,2025,2025-05-30 00:00:00,80%
3711,211,7,8,May,2025,2025-05-30 00:00:00,60%
3712,212,6,8,May,2025,2025-05-30 00:00:00,80%
3713,213,9,8,May,2025,2025-05-30 00:00:00,80%
3714,214,8,8,May,2025,2025-05-30 00:00:00,80%
3715,215,1,8,May,2025,2025-05-30 00:00:00,60%
3716,216,8,8,May,2025,2025-05-30 00:00:00,80%
3717,217,5,8,May,2025,2025-05-30 00:00:00,60%
3718,218,9,8,May,2025,2025-05-30 00:00:00,80%
3719,219,5,8,May,2025,2025-05-30 00:00:00,80%
3720,220,5,8,May,2025,2025-05-30 00:00:00,60%
3721,221,9,8,May,2025,2025-05-30 00:00:00,80%
3722,222,9,8,May,2025,2025-05-30 00:00:00,80%
3723,223,9,8,May,2025,2025-05-30 00:00:00,80%
3724,224,6,8,May,2025,2025-05-30 00:00:00,60%
3725,225,3,8,May,2025,2025-05-30 00:00:00,60%
3726,226,8,8,May,2025,2025-05-30 00:00:00,80%
3727,227,6,8,May,2025,2025-05-30 00:00:00,80%
3728,228,9,8,May,2025,2025-05-30 00:00:00,60%
3729,229,2,8,May,2025,2025-05-30 00:00:00,60%
3730,230,4,8,May,2025,2025-05-30 00:00:00,80%
3731,231,2,8,May,2025,2025-05-30 00:00:00,60%
3732,232,2,8,May,2025,2025-05-30 00:00:00,80%
3733,233,3,8,May,2025,2025-05-30 00:00:00,80%
3734,234,6,8,May,2025,2025-05-30 00:00:00,60%
3735,235,5,8,May,2025,2025-05-30 00:00:00,80%
3736,236,7,8,May,2025,2025-05-30 00:00:00,60%
3737,237,7,8,May,2025,2025-05-30 00:00:00,80%
3738,238,4,8,May,2025,2025-05-30 00:00:00,60%
3739,239,9,8,May,2025,2025-05-30 00:00:00,60%
3740,240,1,8,May,2025,2025-05-30 00:00:00,60%
3741,241,6,8,May,2025,2025-05-30 00:00:00,80%
3742,242,1,8,May,2025,2025-05-30 00:00:00,80%
3743,243,6,8,May,2025,2025-05-30 00:00:00,60%
3744,244,9,8,May,2025,2025-05-30 00:00:00,60%
3745,245,4,8,May,2025,2025-05-30 00:00:00,60%
3746,246,9,8,May,2025,2025-05-30 00:00:00,80%
3747,247,6,8,May,2025,2025-05-30 00:00:00,80%
3748,248,8,8,May,2025,2025-05-30 00:00:00,80%
3749,249,3,8,May,2025,2025-05-30 00:00:00,80%
3750,250,9,8,May,2025,2025-05-30 00:00:00,60%
3751,251,1,8,May,2025,2025-05-30 00:00:00,80%
3752,252,4,8,May,2025,2025-05-30 00:00:00,80%
3753,253,7,8,May,2025,2025-05-30 00:00:00,60%
3754,254,5,8,May,2025,2025-05-30 00:00:00,80%
3755,255,6,8,May,2025,2025-05-30 00:00:00,60%
3756,256,2,8,May,2025,2025-05-30 00:00:00,80%
3757,257,1,8,May,2025,2025-05-30 00:00:00,60%
3758,258,1,8,May,2025,2025-05-30 00:00:00,60%
3759,259,1,8,May,2025,2025-05-30 00:00:00,80%
3760,260,2,8,May,2025,2025-05-30 00:00:00,80%
3761,261,1,8,May,2025,2025-05-30 00:00:00,80%
3762,262,5,8,May,2025,2025-05-30 00:00:00,80%
3763,263,6,8,May,2025,2025-05-30 00:00:00,60%
3764,264,6,8,May,2025,2025-05-30 00:00:00,60%
3765,265,9,8,May,2025,2025-05-30 00:00:00,80%
3766,266,5,8,May,2025,2025-05-30 00:00:00,80%
3767,267,2,8,May,2025,2025-05-30 00:00:00,60%
3768,268,9,8,May,2025,2025-05-30 00:00:00,80%
3769,269,2,8,May,2025,2025-05-30 00:00:00,60%
3770,270,4,8,May,2025,2025-05-30 00:00:00,80%
3771,271,4,8,May,2025,2025-05-30 00:00:00,80%
3772,272,9,8,May,2025,2025-05-30 00:00:00,80%
3773,273,5,8,May,2025,2025-05-30 00:00:00,80%
3774,274,6,8,May,2025,2025-05-30 00:00:00,80%
3775,275,5,8,May,2025,2025-05-30 00:00:00,60%
3776,276,7,8,May,2025,2025-05-30 00:00:00,60%
3777,277,8,8,May,2025,2025-05-30 00:00:00,60%
3778,278,2,8,May,2025,2025-05-30 00:00:00,60%
3779,279,3,8,May,2025,2025-05-30 00:00:00,60%
3780,280,8,8,May,2025,2025-05-30 00:00:00,80%
3781,281,8,8,May,2025,2025-05-30 00:00:00,80%
3782,282,3,8,May,2025,2025-05-30 00:00:00,80%
3783,283,2,8,May,2025,2025-05-30 00:00:00,60%
3784,284,4,8,May,2025,2025-05-30 00:00:00,80%
3785,285,2,8,May,2025,2025-05-30 00:00:00,60%
3786,286,9,8,May,2025,2025-05-30 00:00:00,80%
3787,287,6,8,May,2025,2025-05-30 00:00:00,60%
3788,288,6,8,May,2025,2025-05-30 00:00:00,80%
3789,289,4,8,May,2025,2025-05-30 00:00:00,80%
3790,290,9,8,May,2025,2025-05-30 00:00:00,60%
3791,291,1,8,May,2025,2025-05-30 00:00:00,80%
3792,292,8,8,May,2025,2025-05-30 00:00:00,80%
3793,293,3,8,May,2025,2025-05-30 00:00:00,60%
3794,294,6,8,May,2025,2025-05-30 00:00:00,95%
3795,295,8,8,May,2025,2025-05-30 00:00:00,95%
3796,296,5,8,May,2025,2025-05-30 00:00:00,60%
3797,297,2,8,May,2025,2025-05-30 00:00:00,85%
3798,298,2,8,May,2025,2025-05-30 00:00:00,85%
3799,299,1,8,May,2025,2025-05-30 00:00:00,85%
3800,300,4,8,May,2025,2025-05-30 00:00:00,85%
3801,301,4,8,May,2025,2025-05-30 00:00:00,60%
3802,302,5,8,May,2025,2025-05-30 00:00:00,60%
3803,303,3,8,May,2025,2025-05-30 00:00:00,60%
3804,304,1,8,May,2025,2025-05-30 00:00:00,85%
3805,305,9,8,May,2025,2025-05-30 00:00:00,85%
3806,306,8,8,May,2025,2025-05-30 00:00:00,85%
3807,307,2,8,May,2025,2025-05-30 00:00:00,85%
3808,308,8,8,May,2025,2025-05-30 00:00:00,60%
3809,309,7,8,May,2025,2025-05-30 00:00:00,85%
3810,310,5,8,May,2025,2025-05-30 00:00:00,60%
3811,311,7,8,May,2025,2025-05-30 00:00:00,85%
3812,312,8,8,May,2025,2025-05-30 00:00:00,60%
3813,313,4,8,May,2025,2025-05-30 00:00:00,85%
3814,314,9,8,May,2025,2025-05-30 00:00:00,60%
3815,315,7,8,May,2025,2025-05-30 00:00:00,60%
3816,316,1,8,May,2025,2025-05-30 00:00:00,60%
3817,317,8,8,May,2025,2025-05-30 00:00:00,85%
3818,318,8,8,May,2025,2025-05-30 00:00:00,85%
3819,319,3,8,May,2025,2025-05-30 00:00:00,85%
3820,320,1,8,May,2025,2025-05-30 00:00:00,85%
3821,321,1,8,May,2025,2025-05-30 00:00:00,85%
3822,322,2,8,May,2025,2025-05-30 00:00:00,85%
3823,323,8,8,May,2025,2025-05-30 00:00:00,60%
3824,324,9,8,May,2025,2025-05-30 00:00:00,60%
3825,325,4,8,May,2025,2025-05-30 00:00:00,60%
3826,326,8,8,May,2025,2025-05-30 00:00:00,85%
3827,327,2,8,May,2025,2025-05-30 00:00:00,60%
3828,328,9,8,May,2025,2025-05-30 00:00:00,85%
3829,329,9,8,May,2025,2025-05-30 00:00:00,60%
3830,330,9,8,May,2025,2025-05-30 00:00:00,85%
3831,331,9,8,May,2025,2025-05-30 00:00:00,60%
3832,332,8,8,May,2025,2025-05-30 00:00:00,85%
3833,333,8,8,May,2025,2025-05-30 00:00:00,60%
3834,334,2,8,May,2025,2025-05-30 00:00:00,85%
3835,335,1,8,May,2025,2025-05-30 00:00:00,60%
3836,336,9,8,May,2025,2025-05-30 00:00:00,60%
3837,337,6,8,May,2025,2025-05-30 00:00:00,60%
3838,338,3,8,May,2025,2025-05-30 00:00:00,85%
3839,339,2,8,May,2025,2025-05-30 00:00:00,85%
3840,340,2,8,May,2025,2025-05-30 00:00:00,60%
3841,341,4,8,May,2025,2025-05-30 00:00:00,60%
3842,342,1,8,May,2025,2025-05-30 00:00:00,85%
3843,343,1,8,May,2025,2025-05-30 00:00:00,85%
3844,344,7,8,May,2025,2025-05-30 00:00:00,60%
3845,345,7,8,May,2025,2025-05-30 00:00:00,60%
3846,346,5,8,May,2025,2025-05-30 00:00:00,85%
3847,347,8,8,May,2025,2025-05-30 00:00:00,85%
3848,348,5,8,May,2025,2025-05-30 00:00:00,85%
3849,349,8,8,May,2025,2025-05-30 00:00:00,60%
3850,350,7,8,May,2025,2025-05-30 00:00:00,60%
3851,351,7,8,May,2025,2025-05-30 00:00:00,60%
3852,352,9,8,May,2025,2025-05-30 00:00:00,60%
3853,353,1,8,May,2025,2025-05-30 00:00:00,85%
3854,354,8,8,May,2025,2025-05-30 00:00:00,60%
3855,355,4,8,May,2025,2025-05-30 00:00:00,85%
3856,356,8,8,May,2025,2025-05-30 00:00:00,85%
3857,357,3,8,May,2025,2025-05-30 00:00:00,60%
3858,358,3,8,May,2025,2025-05-30 00:00:00,85%
3859,359,7,8,May,2025,2025-05-30 00:00:00,85%
3860,360,7,8,May,2025,2025-05-30 00:00:00,60%
3861,361,5,8,May,2025,2025-05-30 00:00:00,60%
3862,362,8,8,May,2025,2025-05-30 00:00:00,60%
3863,363,1,8,May,2025,2025-05-30 00:00:00,60%
3864,364,4,8,May,2025,2025-05-30 00:00:00,85%
3865,365,4,8,May,2025,2025-05-30 00:00:00,60%
3866,366,1,8,May,2025,2025-05-30 00:00:00,60%
3867,367,2,8,May,2025,2025-05-30 00:00:00,85%
3868,368,2,8,May,2025,2025-05-30 00:00:00,85%
3869,369,6,8,May,2025,2025-05-30 00:00:00,60%
3870,370,9,8,May,2025,2025-05-30 00:00:00,85%
3871,371,7,8,May,2025,2025-05-30 00:00:00,60%
3872,372,2,8,May,2025,2025-05-30 00:00:00,85%
3873,373,2,8,May,2025,2025-05-30 00:00:00,85%
3874,374,8,8,May,2025,2025-05-30 00:00:00,85%
3875,375,1,8,May,2025,2025-05-30 00:00:00,85%
3876,376,9,8,May,2025,2025-05-30 00:00:00,85%
3877,377,6,8,May,2025,2025-05-30 00:00:00,60%
3878,378,1,8,May,2025,2025-05-30 00:00:00,85%
3879,379,6,8,May,2025,2025-05-30 00:00:00,85%
3880,380,3,8,May,2025,2025-05-30 00:00:00,85%
3881,381,3,8,May,2025,2025-05-30 00:00:00,85%
3882,382,2,8,May,2025,2025-05-30 00:00:00,85%
3883,383,3,8,May,2025,2025-05-30 00:00:00,60%
3884,384,2,8,May,2025,2025-05-30 00:00:00,85%
3885,385,4,8,May,2025,2025-05-30 00:00:00,85%
3886,386,5,8,May,2025,2025-05-30 00:00:00,85%
3887,387,7,8,May,2025,2025-05-30 00:00:00,85%
3888,388,3,8,May,2025,2025-05-30 00:00:00,85%
3889,389,2,8,May,2025,2025-05-30 00:00:00,85%
3890,390,6,8,May,2025,2025-05-30 00:00:00,85%
3891,391,1,8,May,2025,2025-05-30 00:00:00,85%
3892,392,7,8,May,2025,2025-05-30 00:00:00,85%
3893,393,2,8,May,2025,2025-05-30 00:00:00,85%
3894,394,4,8,May,2025,2025-05-30 00:00:00,60%
3895,395,7,8,May,2025,2025-05-30 00:00:00,85%
3896,396,5,8,May,2025,2025-05-30 00:00:00,60%
3897,397,5,8,May,2025,2025-05-30 00:00:00,85%
3898,398,6,8,May,2025,2025-05-30 00:00:00,85%
3899,399,8,8,May,2025,2025-05-30 00:00:00,60%
3900,400,4,8,May,2025,2025-05-30 00:00:00,85%
3901,401,2,8,May,2025,2025-05-30 00:00:00,60%
3902,402,6,8,May,2025,2025-05-30 00:00:00,85%
3903,403,6,8,May,2025,2025-05-30 00:00:00,85%
3904,404,5,8,May,2025,2025-05-30 00:00:00,85%
3905,405,2,8,May,2025,2025-05-30 00:00:00,85%
3906,406,2,8,May,2025,2025-05-30 00:00:00,85%
3907,407,7,8,May,2025,2025-05-30 00:00:00,85%
3908,408,2,8,May,2025,2025-05-30 00:00:00,60%
3909,409,3,8,May,2025,2025-05-30 00:00:00,60%
3910,410,5,8,May,2025,2025-05-30 00:00:00,85%
3911,411,2,8,May,2025,2025-05-30 00:00:00,60%
3912,412,3,8,May,2025,2025-05-30 00:00:00,60%
3913,413,9,8,May,2025,2025-05-30 00:00:00,85%
3914,414,8,8,May,2025,2025-05-30 00:00:00,85%
3915,415,9,8,May,2025,2025-05-30 00:00:00,85%
3916,416,5,8,May,2025,2025-05-30 00:00:00,85%
3917,417,1,8,May,2025,2025-05-30 00:00:00,60%
3918,418,7,8,May,2025,2025-05-30 00:00:00,60%
3919,419,6,8,May,2025,2025-05-30 00:00:00,85%
3920,420,8,8,May,2025,2025-05-30 00:00:00,60%
3921,421,7,8,May,2025,2025-05-30 00:00:00,60%
3922,422,2,8,May,2025,2025-05-30 00:00:00,85%
3923,423,8,8,May,2025,2025-05-30 00:00:00,60%
3924,424,5,8,May,2025,2025-05-30 00:00:00,85%
3925,425,8,8,May,2025,2025-05-30 00:00:00,85%
3926,426,4,8,May,2025,2025-05-30 00:00:00,85%
3927,427,1,8,May,2025,2025-05-30 00:00:00,60%
3928,428,6,8,May,2025,2025-05-30 00:00:00,85%
3929,429,2,8,May,2025,2025-05-30 00:00:00,85%
3930,430,7,8,May,2025,2025-05-30 00:00:00,85%
3931,431,4,8,May,2025,2025-05-30 00:00:00,85%
3932,432,2,8,May,2025,2025-05-30 00:00:00,85%
3933,433,5,8,May,2025,2025-05-30 00:00:00,60%
3934,434,2,8,May,2025,2025-05-30 00:00:00,60%
3935,435,6,8,May,2025,2025-05-30 00:00:00,85%
3936,436,2,8,May,2025,2025-05-30 00:00:00,85%
3937,437,6,8,May,2025,2025-05-30 00:00:00,60%
3938,438,9,8,May,2025,2025-05-30 00:00:00,60%
3939,439,4,8,May,2025,2025-05-30 00:00:00,85%
3940,440,8,8,May,2025,2025-05-30 00:00:00,85%
3941,441,9,8,May,2025,2025-05-30 00:00:00,60%
3942,442,8,8,May,2025,2025-05-30 00:00:00,60%
3943,443,6,8,May,2025,2025-05-30 00:00:00,85%
3944,444,1,8,May,2025,2025-05-30 00:00:00,85%
3945,445,3,8,May,2025,2025-05-30 00:00:00,85%
3946,446,1,8,May,2025,2025-05-30 00:00:00,85%
3947,447,8,8,May,2025,2025-05-30 00:00:00,60%
3948,448,2,8,May,2025,2025-05-30 00:00:00,85%
3949,449,4,8,May,2025,2025-05-30 00:00:00,85%
3950,450,2,8,May,2025,2025-05-30 00:00:00,85%
3951,451,4,8,May,2025,2025-05-30 00:00:00,60%
3952,452,9,8,May,2025,2025-05-30 00:00:00,85%
3953,453,7,8,May,2025,2025-05-30 00:00:00,60%
3954,454,8,8,May,2025,2025-05-30 00:00:00,85%
3955,455,3,8,May,2025,2025-05-30 00:00:00,85%
3956,456,4,8,May,2025,2025-05-30 00:00:00,85%
3957,457,5,8,May,2025,2025-05-30 00:00:00,85%
3958,458,8,8,May,2025,2025-05-30 00:00:00,60%
3959,459,3,8,May,2025,2025-05-30 00:00:00,85%
3960,460,4,8,May,2025,2025-05-30 00:00:00,60%
3961,461,5,8,May,2025,2025-05-30 00:00:00,60%
3962,462,5,8,May,2025,2025-05-30 00:00:00,85%
3963,463,2,8,May,2025,2025-05-30 00:00:00,85%
3964,464,4,8,May,2025,2025-05-30 00:00:00,85%
3965,465,5,8,May,2025,2025-05-30 00:00:00,85%
3966,466,1,8,May,2025,2025-05-30 00:00:00,60%
3967,467,9,8,May,2025,2025-05-30 00:00:00,85%
3968,468,1,8,May,2025,2025-05-30 00:00:00,85%
3969,469,8,8,May,2025,2025-05-30 00:00:00,60%
3970,470,6,8,May,2025,2025-05-30 00:00:00,85%
3971,471,3,8,May,2025,2025-05-30 00:00:00,60%
3972,472,4,8,May,2025,2025-05-30 00:00:00,85%
3973,473,2,8,May,2025,2025-05-30 00:00:00,60%
3974,474,3,8,May,2025,2025-05-30 00:00:00,85%
3975,475,9,8,May,2025,2025-05-30 00:00:00,85%
3976,476,5,8,May,2025,2025-05-30 00:00:00,85%
3977,477,4,8,May,2025,2025-05-30 00:00:00,85%
3978,478,9,8,May,2025,2025-05-30 00:00:00,60%
3979,479,5,8,May,2025,2025-05-30 00:00:00,85%
3980,480,5,8,May,2025,2025-05-30 00:00:00,85%
3981,481,5,8,May,2025,2025-05-30 00:00:00,60%
3982,482,4,8,May,2025,2025-05-30 00:00:00,60%
3983,483,5,8,May,2025,2025-05-30 00:00:00,85%
3984,484,7,8,May,2025,2025-05-30 00:00:00,85%
3985,485,6,8,May,2025,2025-05-30 00:00:00,60%
3986,486,9,8,May,2025,2025-05-30 00:00:00,85%
3987,487,5,8,May,2025,2025-05-30 00:00:00,85%
3988,488,2,8,May,2025,2025-05-30 00:00:00,85%
3989,489,7,8,May,2025,2025-05-30 00:00:00,85%
3990,490,7,8,May,2025,2025-05-30 00:00:00,60%
3991,491,1,8,May,2025,2025-05-30 00:00:00,60%
3992,492,9,8,May,2025,2025-05-30 00:00:00,85%
3993,493,3,8,May,2025,2025-05-30 00:00:00,60%
3994,494,2,8,May,2025,2025-05-30 00:00:00,60%
3995,495,8,8,May,2025,2025-05-30 00:00:00,85%
3996,496,3,8,May,2025,2025-05-30 00:00:00,85%
3997,497,9,8,May,2025,2025-05-30 00:00:00,85%
3998,498,2,8,May,2025,2025-05-30 00:00:00,85%
3999,499,6,8,May,2025,2025-05-30 00:00:00,85%
4000,500,3,8,May,2025,2025-05-30 00:00:00,60%
